SMILES,Activity_type,Activity_value,Activity_unit
C[C@@](C[C@H]1CC(=NO1)c1ccc(cc1)-c1ccc(cc1)[C@@H](O)CO)(C(=O)NO)S(C)(=O)=O,IC50,0.000100,nM
CC(C)c1cc(ccn1)-c1ccc(cc1F)C1=NO[C@@H](C[C@](C)(C(=O)NO)S(C)(=O)=O)C1,IC50,0.00100,nM
C[C@@](C[C@H]1CC(=NO1)c1ccc(cc1)-c1ccncc1C(F)(F)F)(C(=O)NO)S(C)(=O)=O,IC50,0.00100,nM
CC(C)(O)c1ccc(cc1)-c1ccc(cc1F)C1=NO[C@@H](C[C@](C)(C(=O)NO)S(C)(=O)=O)C1,IC50,0.00100,nM
C[C@@H](O)Cc1ccc(cn1)-c1ccc(cc1F)C1=NO[C@@H](C[C@](C)(C(=O)NO)S(C)(=O)=O)C1,IC50,0.00100,nM
COc1ccc(cn1)-c1ccc(cc1F)C1=NO[C@@H](C[C@](C)(C(=O)NO)S(C)(=O)=O)C1,IC50,0.00100,nM
C[C@@](C[C@H]1CC(=NO1)c1ccc(c(F)c1)-c1ccc(CC#N)cc1)(C(=O)NO)S(C)(=O)=O,IC50,0.00100,nM
CCc1ccc(C2=NO[C@@H](C[C@](C)(C(=O)NO)S(C)(=O)=O)C2)c(F)c1,IC50,0.00100,nM
C[C@@](C[C@H]1CC(=NO1)c1ccc(cc1F)-c1ccncc1F)(C(=O)NO)S(C)(=O)=O,IC50,0.00100,nM
C[C@@](C[C@H]1CC(=NO1)c1ccc(c(F)c1)-c1ccncc1F)(C(=O)NO)S(C)(=O)=O,IC50,0.00100,nM
C[C@@H](O)Cc1cc(F)c(c(F)c1)-c1ccc(cc1F)C1=NO[C@@H](C[C@](C)(C(=O)NO)S(C)(=O)=O)C1,IC50,0.00100,nM
C[C@@H](O)Cc1ccc(c(F)c1)-c1ccc(cc1F)C1=NO[C@@H](C[C@](C)(C(=O)NO)S(C)(=O)=O)C1,IC50,0.00100,nM
C[C@@](C[C@H]1CC(=NO1)c1ccc(c(F)c1)-c1ccc(cc1)-c1nn[nH]n1)(C(=O)NO)S(C)(=O)=O,IC50,0.00100,nM
COc1ccc(c(C)c1)-c1ccc(cc1F)C1=NO[C@@H](C[C@](C)(C(=O)NO)S(C)(=O)=O)C1,IC50,0.00100,nM
[H][C@]1(C[C@](C)(C(=O)NO)S(C)(=O)=O)CC(=NO1)c1ccc(cc1F)C#CC,IC50,0.00100,nM
C[C@@H](O)Cc1ccc(cc1)-c1c(F)cc(cc1F)C1=NO[C@@H](C[C@](C)(C(=O)NO)S(C)(=O)=O)C1,IC50,0.00100,nM
C[C@@H](O)Cc1ccc(cc1)-c1ccc(cc1C)C1=NO[C@@H](C[C@](C)(C(=O)NO)S(C)(=O)=O)C1,IC50,0.00100,nM
CC#Cc1ccc(cc1)C1=NO[C@@H](C[C@](C)(C(=O)NO)S(C)(=O)=O)C1,IC50,0.00100,nM
CC(CC1CC(=NO1)c1ccc(Br)cc1)(C(=O)NO)S(C)(=O)=O,IC50,0.00100,nM
CC(CC1CC(=NO1)c1ccc(C#CC2CC2)c(F)c1)(C(=O)NO)S(C)(=O)=O,IC50,0.00100,nM
CC(CC1CC(=NO1)c1ccc(cc1)C#CCCO)(C(=O)NO)S(C)(=O)=O,IC50,0.00100,nM
CCC#Cc1ccc(cc1)C1=NOC(CC(C)(C(=O)NO)S(C)(=O)=O)C1,IC50,0.00100,nM
C[C@@](C[C@H]1CC(=NO1)c1ccc(cc1)C#CC1CC1)(C(=O)NO)S(C)(=O)=O,IC50,0.00100,nM
CC(CC1CC(=NO1)c1ccc(cc1)-c1ccccc1)(C(=O)NO)S(C)(=O)=O,IC50,0.00100,nM
C\C=C(/F)c1ccc(cc1)C1=NO[C@@H](C[C@](C)(C(=O)NO)S(C)(=O)=O)C1,IC50,0.00100,nM
C\C=C\c1ccc(cc1)C1=NO[C@@H](C[C@](C)(C(=O)NO)S(C)(=O)=O)C1,IC50,0.00100,nM
CCCc1ccc(cc1)C1=NO[C@@H](C[C@](C)(C(=O)NO)S(C)(=O)=O)C1,IC50,0.00100,nM
C[C@@](C[C@H]1CC(=NO1)c1ccc(cc1)C#CCCF)(C(=O)NO)S(C)(=O)=O,IC50,0.00100,nM
CC(CC1CC(=NO1)c1ccc(cc1F)C#CC1CC1)(C(=O)NO)S(C)(=O)=O,IC50,0.00100,nM
CC#Cc1ccc(C2=NOC(CC(C)(C(=O)NO)S(C)(=O)=O)C2)c(F)c1,IC50,0.00100,nM
C[C@@](C[C@H]1CC(=NO1)c1ccc(cc1)-c1ccc(CCO)cc1)(C(=O)NO)S(C)(=O)=O,IC50,0.00100,nM
[H][C@@]1(C[C@@]([H])(C1)C(C)(C)O)C#Cc1ccc(cc1)C1=NO[C@@H](C[C@](C)(C(=O)NO)S(C)(=O)=O)C1,IC50,0.00100,nM
CCSc1ccc(cc1)C1=NO[C@@H](C[C@](C)(C(=O)NO)S(C)(=O)=O)C1,IC50,0.00100,nM
CCc1ccc(cc1)C1=NO[C@@H](C[C@](C)(C(=O)NO)S(C)(=O)=O)C1,IC50,0.00100,nM
CC(O)C#CC#Cc1ccc(cc1)C1=NO[C@@H](C[C@](C)(C(=O)NO)S(C)(=O)=O)C1,IC50,0.00100,nM
COCCOc1ccc(cc1)-c1ccc(cc1)C1=NO[C@@H](C[C@](C)(C(=O)NO)S(C)(=O)=O)C1,IC50,0.00100,nM
C[C@@](C[C@H]1CC(=NO1)c1ccc(cc1)-c1ccc(CN2CCOCC2)cc1)(C(=O)NO)S(C)(=O)=O,IC50,0.00100,nM
C[C@H](O)Cc1ccc(cc1)-c1ccc(cc1)C1=NO[C@@H](C[C@](C)(C(=O)NO)S(C)(=O)=O)C1,IC50,0.00100,nM
C[C@@H](O)Cc1ccc(cc1)-c1ccc(cc1)C1=NO[C@@H](C[C@](C)(C(=O)NO)S(C)(=O)=O)C1,IC50,0.00100,nM
COC1CC(C1)C#Cc1ccc(cc1)C1=NO[C@@H](C[C@](C)(C(=O)NO)S(C)(=O)=O)C1,IC50,0.00100,nM
C[C@@](C[C@H]1CC(=NO1)c1ccc(cc1)-c1ccncc1F)(C(=O)NO)S(C)(=O)=O,IC50,0.00100,nM
C[C@@](C[C@H]1CC(=NO1)c1ccc(cc1)-c1ccc(CO)cc1)(C(=O)NO)S(C)(=O)=O,IC50,0.00100,nM
C[C@H](O)c1ccc(cc1)-c1ccc(cc1)C1=NO[C@@H](C[C@](C)(C(=O)NO)S(C)(=O)=O)C1,IC50,0.00100,nM
C[C@@](C[C@H]1CC(=NO1)c1ccc(cc1)C#CC1CC(CC#N)C1)(C(=O)NO)S(C)(=O)=O,IC50,0.00100,nM
C[C@@](C[C@H]1CC(=NO1)c1ccc(cc1)C#CC1CC(F)C1)(C(=O)NO)S(C)(=O)=O,IC50,0.00100,nM
COCC1CC(C1)C#Cc1ccc(cc1)C1=NO[C@@H](C[C@](C)(C(=O)NO)S(C)(=O)=O)C1,IC50,0.00100,nM
COCC1CC(C1)C#Cc1ccc(cc1)C1=NO[C@@H](C[C@](C)(C(=O)NO)S(C)(=O)=O)C1,IC50,0.00100,nM
COCC(C)(O)c1ccc(cc1)-c1ccc(cc1)C1=NO[C@@H](C[C@](C)(C(=O)NO)S(C)(=O)=O)C1,IC50,0.00100,nM
C[C@@](C[C@H]1CC(=NO1)c1ccc(cc1)-c1ccc(OCCO)cc1)(C(=O)NO)S(C)(=O)=O,IC50,0.00100,nM
C[C@@H](O)c1ccc(cc1)-c1ccc(cc1)C1=NO[C@@H](C[C@](C)(C(=O)NO)S(C)(=O)=O)C1,IC50,0.00100,nM
COc1ccc(cn1)-c1ccc(cc1)C1=NO[C@@H](C[C@](C)(C(=O)NO)S(C)(=O)=O)C1,IC50,0.00100,nM
C[C@@](C[C@H]1CC(=NO1)c1ccc(cc1)-c1ccc(CO)nc1)(C(=O)NO)S(C)(=O)=O,IC50,0.00100,nM
C[C@@](C[C@H]1CC(=NO1)c1ccc(cc1)-c1ccc(nc1)C(F)(F)F)(C(=O)NO)S(C)(=O)=O,IC50,0.00100,nM
CCC#Cc1ccc(cc1)C1=NO[C@@H](C[C@](C)(C(=O)NO)S(C)(=O)=O)C1,IC50,0.00100,nM
COC[C@H](O)Cc1ccc(cc1)-c1ccc(cc1)C1=NO[C@@H](C[C@](C)(C(=O)NO)S(C)(=O)=O)C1,IC50,0.00100,nM
COc1ccc(c(F)c1)-c1ccc(cc1)C1=NO[C@@H](C[C@](C)(C(=O)NO)S(C)(=O)=O)C1,IC50,0.00100,nM
C[C@@](C[C@H]1CC(=NO1)c1ccc(cc1)-c1ccc(cc1)S(C)(=O)=O)(C(=O)NO)S(C)(=O)=O,IC50,0.00100,nM
C[C@@](C[C@H]1CC(=NO1)c1ccc(cc1)-c1cccc(CO)c1)(C(=O)NO)S(C)(=O)=O,IC50,0.00100,nM
C[C@@](C[C@H]1CC(=NO1)c1ccc(cc1)-c1ccc(cc1)S(C)(=N)=O)(C(=O)NO)S(C)(=O)=O,IC50,0.00100,nM
COC(CO)c1ccc(cc1)-c1ccc(cc1)C1=NO[C@@H](C[C@](C)(C(=O)NO)S(C)(=O)=O)C1,IC50,0.00100,nM
CS(=O)c1ccc(cc1)-c1ccc(cc1)C1=NO[C@@H](C[C@](C)(C(=O)NO)S(C)(=O)=O)C1,IC50,0.00100,nM
CC(C)(C#N)c1ccc(cc1)-c1ccc(cc1)C1=NO[C@@H](C[C@](C)(C(=O)NO)S(C)(=O)=O)C1,IC50,0.00100,nM
Cc1ccc(cn1)-c1ccc(cc1)C1=NO[C@@H](C[C@](C)(C(=O)NO)S(C)(=O)=O)C1,IC50,0.00100,nM
C[C@@](C[C@H]1CC(=NO1)c1ccc(cc1)-c1ccncc1)(C(=O)NO)S(C)(=O)=O,IC50,0.00100,nM
CC(C)(O)c1ccc(cn1)-c1ccc(cc1)C1=NO[C@@H](C[C@](C)(C(=O)NO)S(C)(=O)=O)C1,IC50,0.00100,nM
C[C@@](C[C@H]1CC(=NO1)c1ccc(cc1)-c1cnccc1F)(C(=O)NO)S(C)(=O)=O,IC50,0.00100,nM
C[C@@](C[C@H]1CC(=NO1)c1ccc(cc1)-c1ccncc1Cl)(C(=O)NO)S(C)(=O)=O,IC50,0.00100,nM
COc1cc(F)c(c(F)c1)-c1ccc(cc1)C1=NO[C@@H](C[C@](C)(C(=O)NO)S(C)(=O)=O)C1,IC50,0.00100,nM
C[C@@](C[C@H]1CC(=NO1)c1ccc(cc1)-c1ccncc1)(C(=O)NO)S(C)(=O)=O,IC50,0.00100,nM
C[C@@](C[C@H]1CC(=NO1)c1ccc(cc1)-c1ccc(cc1)-n1nccn1)(C(=O)NO)S(C)(=O)=O,IC50,0.00100,nM
C[C@@H](O)[C@@H](O)Cc1ccc(cc1)-c1ccc(cc1)C1=NO[C@@H](C[C@](C)(C(=O)NO)S(C)(=O)=O)C1,IC50,0.00100,nM
C[C@@](C[C@H]1CC(=NO1)c1ccc(cc1)-c1cnsc1)(C(=O)NO)S(C)(=O)=O,IC50,0.00100,nM
C[C@@](C[C@H]1CC(=NO1)c1ccc(cc1)-c1ccsc1)(C(=O)NO)S(C)(=O)=O,IC50,0.00100,nM
C[C@@H](O)Cc1ccc(c(C)c1)-c1ccc(cc1)C1=NO[C@@H](C[C@](C)(C(=O)NO)S(C)(=O)=O)C1,IC50,0.00100,nM
C[C@@H](O)Cc1ccc(c(F)c1)-c1ccc(cc1)C1=NO[C@@H](C[C@](C)(C(=O)NO)S(C)(=O)=O)C1,IC50,0.00100,nM
C[C@@H](O)Cc1cc(F)c(c(F)c1)-c1ccc(cc1)C1=NO[C@@H](C[C@](C)(C(=O)NO)S(C)(=O)=O)C1,IC50,0.00100,nM
Cc1cc(CO)ccc1-c1ccc(cc1)C1=NO[C@@H](C[C@](C)(C(=O)NO)S(C)(=O)=O)C1,IC50,0.00100,nM
COC(CO)Cc1ccc(cc1)-c1ccc(cc1)C1=NO[C@@H](C[C@](C)(C(=O)NO)S(C)(=O)=O)C1,IC50,0.00100,nM
C[C@@](C[C@H]1CC(=NO1)c1ccc(c(F)c1)-c1ccc(CO)cc1)(C(=O)NO)S(C)(=O)=O,IC50,0.00100,nM
C[C@@](C[C@H]1CC(=NO1)c1ccc(c(F)c1)-c1ccc(CCO)cc1)(C(=O)NO)S(C)(=O)=O,IC50,0.00100,nM
CCc1ccc(cc1F)C1=NO[C@@H](C[C@](C)(C(=O)NO)S(C)(=O)=O)C1,IC50,0.00100,nM
C[C@@](C[C@H]1CC(=NO1)c1ccc(cc1)-c1c(F)cncc1F)(C(=O)NO)S(C)(=O)=O,IC50,0.00100,nM
C[C@@](C[C@H]1CC(=NO1)c1ccc(cc1)C#CC1CCOCC1)(C(=O)NO)S(C)(=O)=O,IC50,0.00100,nM
C[C@@](C[C@H]1CC(=NO1)c1ccc(cc1)-c1ccc(cc1)C(O)CCO)(C(=O)NO)S(C)(=O)=O,IC50,0.00100,nM
C[C@@](C[C@H]1CC(=NO1)c1ccc(cc1)-c1ccc(cc1)[C@H](O)CO)(C(=O)NO)S(C)(=O)=O,IC50,0.00100,nM
CC#Cc1ccc(cc1F)C1=NOC(CC(C)(C(=O)NO)S(C)(=O)=O)C1,IC50,0.00200,nM
[H][C@@]1(C[C@]([H])(C1)C(C)(C)O)C#Cc1ccc(cc1)C1=NO[C@@H](C[C@](C)(C(=O)NO)S(C)(=O)=O)C1,IC50,0.00200,nM
C[C@@](C[C@H]1CC(=NO1)c1ccc(CCCCF)cc1)(C(=O)NO)S(C)(=O)=O,IC50,0.00200,nM
C[C@@](C[C@H]1CC(=NO1)c1ccc(CCCF)cc1)(C(=O)NO)S(C)(=O)=O,IC50,0.00200,nM
C[C@@](C[C@H]1CC(=NO1)c1ccc(cc1)-c1ccnc(c1)C(F)(F)F)(C(=O)NO)S(C)(=O)=O,IC50,0.00200,nM
Cn1ccc(cc1=O)-c1ccc(cc1F)C1=NO[C@@H](C[C@](C)(C(=O)NO)S(C)(=O)=O)C1,IC50,0.00200,nM
Cn1cc(ccc1=O)-c1ccc(cc1)C1=NO[C@@H](C[C@](C)(C(=O)NO)S(C)(=O)=O)C1,IC50,0.00200,nM
CC(C)(O)c1cc(ccn1)-c1ccc(cc1)C1=NO[C@@H](C[C@](C)(C(=O)NO)S(C)(=O)=O)C1,IC50,0.00200,nM
Cc1cc(cc(C)n1)-c1ccc(cc1F)C1=NO[C@@H](C[C@](C)(C(=O)NO)S(C)(=O)=O)C1,IC50,0.00400,nM
CC(CC1CC(=NO1)c1ccc(cn1)C#CC1CC1)(C(=O)NO)S(C)(=O)=O,IC50,0.00400,nM
C[C@@](C[C@H]1CC(=NO1)c1ccc(c(F)c1)-c1ccc(CO)nc1)(C(=O)NO)S(C)(=O)=O,IC50,0.00500,nM
C[C@@](C[C@H]1CC(=NO1)c1ccc(cc1)-n1nccn1)(C(=O)NO)S(C)(=O)=O,IC50,0.00500,nM
CCc1cc(ccn1)-c1ccc(cc1)C1=NO[C@@H](C[C@](C)(C(=O)NO)S(C)(=O)=O)C1,IC50,0.00600,nM
CC(CC1CC(=NO1)c1ccc(cc1)C1CC1)(C(=O)NO)S(C)(=O)=O,IC50,0.00700,nM
CC#Cc1ccc(nc1)C1=NOC(CC(C)(C(=O)NO)S(C)(=O)=O)C1,IC50,0.0170,nM
CC#CCOc1ccc(cc1)C1=NOC(CC(C)(C(=O)NO)S(C)(=O)=O)C1,IC50,0.0240,nM
C[C@@](O)([C@H](NC(=O)c1ccc(cc1)C#CC#Cc1ccc(N)cc1)C(=O)NO)c1c[nH]nn1,KI,0.0240,nM
C[C@](c1ccc(cc1)O)([C@@H](C(=O)NO)NC(=O)c2ccc(cc2)C#CC#Cc3ccc(cc3)N)O,KI,0.0240,nM
C[C@@](C[C@H]1CN(C(=O)O1)c1ccc(cc1)-c1ccccc1)(C(=O)NO)S(C)(=O)=O,KD,0.0260,nM
CC(CCc1ccc(cc1)-c1ccc2OCOc2c1)(C(=O)NO)S(C)(=O)=O,IC50,0.0303,nM
C[C@@](CCc1ccc(cc1)-c1cc2ccccc2[nH]1)(C(=O)NO)S(C)(=O)=O,IC50,0.0340,nM
COc1ccc(c(F)c1)-c1cc(=O)n(CC[C@](C)(C(=O)NO)S(C)(=O)=O)cc1F,IC50,0.0500,nM
CCCc1cc(cc(c1OC)OC)C2=N[C@H](CO2)C(=O)NO,KI,0.0530,nM
CC(CCc1ccc(cc1F)-c1ccc(O)cc1)(C(=O)NO)S(C)(=O)=O,IC50,0.0592,nM
CC#Cc1ccc(cc1)N1C[C@H](C[C@](C)(C(=O)NO)S(C)(=O)=O)OC1=O,KD,0.0630,nM
C[C@@](C[C@H]1CN(C(=O)O1)c2ccc(cc2)C#CC3CC3)(C(=O)NO)S(=O)(=O)C,KD,0.0650,nM
CC(CCc1ccc(cc1)-c1ccc(Cl)cc1)(C(=O)NO)S(C)(=O)=O,IC50,0.0669,nM
CC(=O)c1ccc(cc1)-c1ccc(CC[C@](C)(C(=O)NO)S(C)(=O)=O)cc1,IC50,0.0674,nM
ONC(=O)[C@@H](Cc1ccc2ccccc2c1)NS(=O)(=O)c1ccc2ccccc2c1,KI,0.0690,nM
C[C@@](CCc1ccc(cc1)-c1ccc2OCOc2c1)(C(=O)NO)S(C)(=O)=O,IC50,0.0842,nM
ONC(=O)[C@@H](Cc1ccc2ccccc2c1)NS(=O)(=O)c1ccc2ccccc2c1,KI,0.0860,nM
C\C=C\c1ccc(cc1)N1C[C@H](C[C@](C)(C(=O)NO)S(C)(=O)=O)OC1=O,KD,0.100,nM
C[C@@H](O)Cc1ccc(cc1)-c1ccc(cc1)N1C[C@H](C[C@](C)(C(=O)NO)S(C)(=O)=O)OC1=O,KD,0.120,nM
C[C@@](C[C@H]1CN(C(=O)O1)c1ccc(cn1)-c1ccccc1)(C(=O)NO)S(C)(=O)=O,KD,0.120,nM
CC(CCc1ccc(cc1)-c1ccc(cc1)[N+]([O-])=O)(C(=O)NO)S(C)(=O)=O,IC50,0.120,nM
C[C@@](C[C@H]1CN(C(=O)O1)c1ccc(cc1)C1CC1)(C(=O)NO)S(C)(=O)=O,KD,0.120,nM
CC(CCc1ccc(cc1)-c1ccc(F)c(Cl)c1)(C(=O)NO)S(C)(=O)=O,IC50,0.127,nM
CC(CCc1ccc(cc1)-c1ccc(CCCO)cc1)(C(=O)NO)S(C)(=O)=O,IC50,0.132,nM
C[C@@](CCc1ccc(cc1)-c1ccc(cc1)C#N)(C(=O)NO)S(C)(=O)=O,IC50,0.134,nM
CC(=O)c1ccc(cc1O)-c1ccc(CCC(C)(C(=O)NO)S(C)(=O)=O)cc1,IC50,0.138,nM
Cc1cc(ccc1C#N)-c1ccc(CCC(C)(C(=O)NO)S(C)(=O)=O)cc1,IC50,0.144,nM
CC(CCc1ccc(cc1)-c1ccc(OCCO)cc1)(C(=O)NO)S(C)(=O)=O,IC50,0.148,nM
CC(CCc1ccc(cc1)-c1cc(F)c(C#N)c(F)c1)(C(=O)NO)S(C)(=O)=O,IC50,0.150,nM
CC(=O)c1ccc(cc1F)-c1ccc(CCC(C)(C(=O)NO)S(C)(=O)=O)cc1,IC50,0.155,nM
C[C@@](C[C@H]1CC(=NO1)c1ccc(cc1)C#CC1CC1)(C(=O)NO)S(C)(=O)=O,KD,0.170,nM
CCCc1ccc(cc1)N1C[C@H](C[C@](C)(C(=O)NO)S(C)(=O)=O)OC1=O,KD,0.170,nM
C[C@@](CCc1ccc(cc1)-c1ccc(OCCCN2CCOCC2)cc1)(C(=O)NO)S(C)(=O)=O,IC50,0.172,nM
CC(=O)c1ccc(cc1)-c1ccc(CCC(C)(C(=O)NO)S(C)(=O)=O)cc1,IC50,0.176,nM
C[C@@](CCc1ccc(cc1)-c1ccc(O)cc1)(C(=O)NO)S(C)(=O)=O,IC50,0.180,nM
CC(CCc1ccc(cc1)-c1cccc(F)c1F)(C(=O)NO)S(C)(=O)=O,IC50,0.185,nM
CC(O)C(=O)c1ccc(cc1)-c1ccc(CCC(C)(C(=O)NO)S(C)(=O)=O)cc1,IC50,0.195,nM
CC(C)(O)[C@H]1C[C@@H](C1)C#Cc1ccc(cc1)N1C[C@H](C[C@](C)(C(=O)NO)S(C)(=O)=O)OC1=O,KD,0.200,nM
C[C@H](O)[C@H](NC(=O)c1ccc(cc1)C#Cc1ccc(CN2CCOCC2)cc1)C(=O)NO,IC50,0.200,nM
CCCc1ccc(cc1)C1=NO[C@@H](C[C@](C)(C(=O)NO)S(C)(=O)=O)C1,KD,0.200,nM
CC(CCc1ccc(cc1)-c1ccc(cc1)C(=O)CO)(C(=O)NO)S(C)(=O)=O,IC50,0.200,nM
C[C@H]([C@@H](C(=O)NO)NC(=O)c1ccc(cc1)C#CC#Cc2ccc(cc2)N)O,KI,0.200,nM
C[C@H]([C@@H](C(=O)NO)NC(=O)c1ccc(cc1)C#CC#Cc2ccc(cc2)N)O,KI,0.200,nM
CC(CCc1ccc(cc1)-c1ccc(OCCCCO)cc1)(C(=O)NO)S(C)(=O)=O,IC50,0.205,nM
C[C@@](C[C@H]1CN(C(=O)O1)c1ccc(Br)cc1)(C(=O)NO)S(C)(=O)=O,KD,0.210,nM
CC(CCc1ccc(cc1)-c1cccc(Cl)c1Cl)(C(=O)NO)S(C)(=O)=O,IC50,0.213,nM
CC(CCc1ccc(cc1)-c1ccc(cc1F)C#N)(C(=O)NO)S(C)(=O)=O,IC50,0.232,nM
CC(CCc1ccc(c(F)c1)-c1ccc(F)cc1)(C(=O)NO)S(C)(=O)=O,IC50,0.235,nM
COc1ccc(cn1)-c1ccc(CC[C@](C)(C(=O)NO)S(C)(=O)=O)cc1,IC50,0.237,nM
C[C@@](CCc1ccc(cc1)-c1ccc(cc1)C(=O)CO)(C(=O)NO)S(C)(=O)=O,IC50,0.238,nM
C[C@@](CCc1ccc(cc1)-c1cnc2ccccc2c1)(C(=O)NO)S(C)(=O)=O,IC50,0.240,nM
Cc1cc(CCC(C)(C(=O)NO)S(C)(=O)=O)ccc1-c1ccc(cc1)C#N,IC50,0.241,nM
Cc1ccc(cc1C)-c1ccc(CCC(C)(C(=O)NO)S(C)(=O)=O)cc1,IC50,0.242,nM
CC(=O)c1ccc(cn1)-c1ccc(CC[C@](C)(C(=O)NO)S(C)(=O)=O)cc1,IC50,0.246,nM
CC(CCc1ccc(cc1F)-c1ccccc1)(C(=O)NO)S(C)(=O)=O,IC50,0.260,nM
C[C@@](CCc1ccc(cc1)-c1ccc2C(=O)NCc2c1)(C(=O)NO)S(C)(=O)=O,IC50,0.266,nM
Cc1cc(ccc1-c1ccc(CCC(C)(C(=O)NO)S(C)(=O)=O)cc1)C#N,IC50,0.266,nM
CC(C)(O)C(=O)c1ccc(cc1)-c1ccc(CC[C@](C)(C(=O)NO)S(C)(=O)=O)cc1,IC50,0.278,nM
CC(CCc1ccc(cc1)C1=CCCCCC1)(C(=O)NO)S(C)(=O)=O,IC50,0.290,nM
CC(CCc1ccc(cc1)-c1ccc2[nH]ccc2c1)(C(=O)NO)S(C)(=O)=O,IC50,0.295,nM
CC(CCc1ccc(cc1)-c1ccc(cc1)N1CCOCC1)(C(=O)NO)S(C)(=O)=O,IC50,0.295,nM
CC(C)(O)[C@@H](NC(=O)N1CCN(CC1)c1ccc(cc1)C#Cc1ccccc1)C(=O)NO,IC50,0.300,nM
C[C@@H](O)[C@H](NC1CCCc2cc(ccc12)C#Cc1ccc(CN2CCOCC2)cc1)C(=O)NO,IC50,0.300,nM
C\C=C\c1ccc(cc1)C1=NO[C@@H](C[C@](C)(C(=O)NO)S(C)(=O)=O)C1,KD,0.300,nM
CC(CCc1ccc(c(F)c1)-c1ccc(O)cc1)(C(=O)NO)S(C)(=O)=O,IC50,0.306,nM
CC(C)(CCc1ccc(cc1)-c1ccccc1)C(=O)NO,IC50,0.310,nM
CC(CCc1ccc(cc1)-c1ccc(cc1)-c1cc(CO)no1)(C(=O)NO)S(C)(=O)=O,IC50,0.320,nM
CC(CCc1ccc(cc1)C1=CCSCC1)(C(=O)NO)S(C)(=O)=O,IC50,0.320,nM
CC(CCc1ccc(Oc2cccc(F)c2F)cc1)(C(=O)NO)S(C)(=O)=O,IC50,0.325,nM
CC(CCc1ccc(cc1)-c1ccc(C#N)c(Cl)c1)(C(=O)NO)S(C)(=O)=O,IC50,0.329,nM
CC(CCc1ccc(cc1)-c1ccc(CCO)cc1)(C(=O)NO)S(C)(=O)=O,IC50,0.331,nM
CC(CCc1ccc(cc1)-c1ccc(O)c(F)c1)(C(=O)NO)S(C)(=O)=O,IC50,0.335,nM
CC(CCc1ccc(cc1)-c1cccc(F)c1)(C(=O)NO)S(C)(=O)=O,IC50,0.335,nM
Cc1cc(ccc1CCC(C)(C(=O)NO)S(C)(=O)=O)-c1ccc(F)cc1,IC50,0.337,nM
CCCc1cc(cc(c1OC)OC)C2=N[C@H](CO2)C(=O)NO,KI,0.340,nM
CC(=O)c1ccc(cn1)-c1ccc(CCC(C)(C(=O)NO)S(C)(=O)=O)c(F)c1,IC50,0.348,nM
CC(C)Cc1ccc(cc1)-c1ccc(CCC(C)(C(=O)NO)S(C)(=O)=O)cc1,IC50,0.356,nM
CC(CCc1ccc(cc1)-c1cccc(Cl)c1)(C(=O)NO)S(C)(=O)=O,IC50,0.364,nM
C[C@@](CCc1ccc(cc1)-c1ccc2CNC(=O)c2c1)(C(=O)NO)S(C)(=O)=O,IC50,0.374,nM
Cc1cc(no1)[C@H](O)[C@](C)(OCc1ccc(cc1)-c1ccccc1)C(=O)NO,IC50,0.376,nM
CC(CCc1ccc(OCc2ccccc2)cc1)(C(=O)NO)S(C)(=O)=O,IC50,0.386,nM
CC(CCc1ccc(cc1F)-c1ccc(cc1)C(=O)CO)(C(=O)NO)S(C)(=O)=O,IC50,0.387,nM
CC(CCc1ccc(cc1)-c1ccc(OCCCO)cc1)(C(=O)NO)S(C)(=O)=O,IC50,0.388,nM
CC(CCc1ccc(OCc2ccc(Cl)cc2F)cc1)(C(=O)NO)S(C)(=O)=O,IC50,0.393,nM
[H][C@@]1(CCc2cc(ccc12)C#Cc1ccc(CN2CCOCC2)cc1)N[C@H](C(=O)NO)C(C)(C)O,IC50,0.400,nM
C[C@](OCc1ccc(cc1)-c1ccccc1)([C@@H](O)c1ccn[nH]1)C(=O)NO,IC50,0.400,nM
C[C@](OCc1ccc(cc1)-c1ccccc1)([C@@H](O)c1ccon1)C(=O)NO,IC50,0.400,nM
CSc1cccc(c1)-c1ccc(CCC(C)(C(=O)NO)S(C)(=O)=O)cc1,IC50,0.417,nM
CC(CCc1ccc(cc1F)-c1ccc(cc1)C#N)(C(=O)NO)S(C)(=O)=O,IC50,0.427,nM
CC#Cc1ccc(cc1)C1=NO[C@@H](C[C@](C)(C(=O)NO)S(C)(=O)=O)C1,KD,0.440,nM
CC(CCc1ccc(cc1)C1=CCCCC1)(C(=O)NO)S(C)(=O)=O,IC50,0.441,nM
Cc1cccc(c1C)-c1ccc(CCC(C)(C(=O)NO)S(C)(=O)=O)cc1,IC50,0.444,nM
CC(CCc1ccc(cc1)-c1ccccc1Cl)(C(=O)NO)S(C)(=O)=O,IC50,0.448,nM
CC(CCc1ccc(cc1F)-c1cnc2ccccc2c1)(C(=O)NO)S(C)(=O)=O,IC50,0.463,nM
C[C@@](CCc1ccc(cc1)-c1ccc(OCCCN2CCCCC2)cc1)(C(=O)NO)S(C)(=O)=O,IC50,0.467,nM
C[C@@H](O)[C@H](NC(=O)c1ccc(cc1)C#Cc1ccc(CN2CCOCC2)cc1)C(=O)NO,KD,0.480,nM
CC(CCc1ccc(cc1)-c1ccc(CO)c(F)c1)(C(=O)NO)S(C)(=O)=O,IC50,0.491,nM
C[C@@H](O)[C@H](NC(=O)c1ccc(cc1)C#Cc1ccc(CN2CCOCC2)cc1)C(=O)NO,KI,0.5,nM
C[C@@H](O)[C@H](NC(=O)c1ccc(cc1)C#Cc1ccc(CN2CCOCC2)cc1)C(=O)NO,KI,0.5,nM
C[C@@](CCc1ccc(cc1)-c1ccc(OCC(=O)N2CC(O)C2)cc1)(C(=O)NO)S(C)(=O)=O,IC50,0.507,nM
C[C@@](CCc1ccc(cc1)-c1ccc(OCCN2CCOCC2)cc1)(C(=O)NO)S(C)(=O)=O,IC50,0.512,nM
COc1ccc(cn1)-c1ccc(CCC(C)(C(=O)NO)S(C)(=O)=O)cc1F,IC50,0.518,nM
C[C@@](CCn1ccc(cc1=O)-c1ccc(Cl)c(F)c1F)(C(=O)NO)S(C)(=O)=O,IC50,0.520,nM
Cc1cccc(COc2ccc(CCC(C)(C(=O)NO)S(C)(=O)=O)cc2)c1F,IC50,0.525,nM
C[C@@](CCN1C=CC(=CC1=O)c2ccc(cc2)n3nccn3)(C(=O)NO)S(=O)(=O)C,IC50,0.530,nM
C[C@@](CCc1ccc(cc1)-c1ccc(OCC(=O)N2CCC(O)CC2)cc1)(C(=O)NO)S(C)(=O)=O,IC50,0.533,nM
CC(CCc1ccc(cc1)-c1ccc2nonc2c1)(C(=O)NO)S(C)(=O)=O,IC50,0.540,nM
C[C@@H](O)[C@H](NC(=O)c1ccc(cc1)C#CC#Cc1ccccc1)C(=O)NO,KI,0.550,nM
C[C@@H](O)[C@H](NC(=O)c1ccc(cc1)C#CC#Cc1ccccc1)C(=O)NO,KI,0.550,nM
CC(CCc1ccc(OCc2nc(no2)-c2c(F)cccc2F)cc1)(C(=O)NO)S(C)(=O)=O,IC50,0.599,nM
C[C@@H](N)[C@@H](NC(=O)N1CCN(CC1)c1ccc(cc1)C#Cc1ccccc1)C(=O)NO,IC50,0.600,nM
C[C@](OCc1ccc(cc1)-c1ccccc1)([C@@H](O)c1cc(CO)on1)C(=O)NO,IC50,0.600,nM
C[C@@H](N)[C@@H](NC(=O)N1CCN(CC1)c1ccc(cc1)C#Cc1ccccc1)C(=O)NO,IC50,0.600,nM
COc1cc(CCC(C)(C(=O)NO)S(C)(=O)=O)ccc1-c1ccc(F)cc1,IC50,0.630,nM
CC(CCc1ccc(cc1F)-c1ccc2CNC(=O)c2c1)(C(=O)NO)S(C)(=O)=O,IC50,0.631,nM
CC(=O)c1ccc(nc1)-c1ccc(CCC(C)(C(=O)NO)S(C)(=O)=O)c(F)c1,IC50,0.632,nM
CC(C)(O)CCc1ccc(cc1)-c1ccc(CCC(C)(C(=O)NO)S(C)(=O)=O)cc1,IC50,0.644,nM
CC(CCc1ccc(OCc2nc3ccccc3s2)cc1)(C(=O)NO)S(C)(=O)=O,IC50,0.651,nM
CC(CCc1ccc(Oc2ccccc2F)cc1)(C(=O)NO)S(C)(=O)=O,IC50,0.655,nM
CC(CCc1ccc(c(F)c1)-c1ccc2CNC(=O)c2c1)(C(=O)NO)S(C)(=O)=O,IC50,0.659,nM
C[C@@](CCc1ccc(cc1)-c1ccc(NS(C)(=O)=O)cc1)(C(=O)NO)S(C)(=O)=O,IC50,0.706,nM
CC(=O)c1ccc(nc1)-c1ccc(CC[C@](C)(C(=O)NO)S(C)(=O)=O)cc1,IC50,0.711,nM
CC(CCc1ccc(OCc2nc(Cc3cc(F)ccc3F)no2)cc1)(C(=O)NO)S(C)(=O)=O,IC50,0.714,nM
Cc1cc(ccc1CCC(C)(C(=O)NO)S(C)(=O)=O)-c1ccc(cc1)C#N,IC50,0.725,nM
CC(CCc1ccc(cc1)-c1ccccc1F)(C(=O)NO)S(C)(=O)=O,IC50,0.731,nM
CC(CCc1ccc(c(F)c1)-c1ccc2ncccc2c1)(C(=O)NO)S(C)(=O)=O,IC50,0.733,nM
CC(CCc1ccc(cc1)-c1cccc(c1)C#N)(C(=O)NO)S(C)(=O)=O,IC50,0.739,nM
CC(CCc1ccc(cc1)-c1cc(F)ccc1F)(C(=O)NO)S(C)(=O)=O,IC50,0.752,nM
CC(CCc1ccc(OC2CCCCC2)cc1)(C(=O)NO)S(C)(=O)=O,IC50,0.753,nM
C[C@](OCc1ccc(cc1)-c1ccccc1)([C@@H](O)c1ccno1)C(=O)NO,IC50,0.800,nM
C[C@](OCc1ccc(cc1)-c1ccccc1)([C@@H](O)c1c[nH]cn1)C(=O)NO,IC50,0.800,nM
C[C@@](CCc1ccc(cc1)-c1ccc(cn1)C#N)(C(=O)NO)S(C)(=O)=O,IC50,0.808,nM
CCc1ccccc1COc1ccc(CCC(C)(C(=O)NO)S(C)(=O)=O)cc1,IC50,0.813,nM
CC(=O)c1cc(ccc1O)-c1ccc(CCC(C)(C(=O)NO)S(C)(=O)=O)cc1,IC50,0.826,nM
CC(CCc1ccc(OCc2cccc(F)c2)cc1)(C(=O)NO)S(C)(=O)=O,IC50,0.834,nM
C[C@@](CCc1ccc(cc1)-c1ccc(OCC(=O)N2CCC(C)(O)CC2)cc1)(C(=O)NO)S(C)(=O)=O,IC50,0.841,nM
Cc1cccc(COc2ccc(CCC(C)(C(=O)NO)S(C)(=O)=O)cc2)c1,IC50,0.883,nM
CC(CCc1ccc(cc1)-c1ccc(O)cc1)(C(=O)NO)S(C)(=O)=O,IC50,0.922,nM
CC(CCc1ccc(OCc2c(F)cc(F)cc2F)cc1)(C(=O)NO)S(C)(=O)=O,IC50,0.955,nM
CC(=O)c1ccc(cc1)-c1ccc(CCC(C)(C(=O)NO)S(C)(=O)=O)cn1,IC50,0.985,nM
CC(CCc1ccc(cc1)-c1ccsc1)(C(=O)NO)S(C)(=O)=O,IC50,0.991,nM
CC(CCc1ccc(OCc2ccc(F)cc2F)cc1)(C(=O)NO)S(C)(=O)=O,IC50,0.992,nM
[H][C@@]1(CCc2cc(ccc12)C#Cc1ccc(Cn2ccnc2C)cc1)N[C@@H]([C@@H](C)O)C(=O)NO,IC50,1,nM
[H][C@@]1(CCc2cc(ccc12)C#Cc1ccc(CN2CCOCC2)cc1)N[C@H](C(=O)NO)C(C)(C)O,IC50,1,nM
C[C@@H](O)[C@H](NC1COCc2cc(ccc12)C#Cc1ccc(CN2CCOCC2)cc1)C(=O)NO,IC50,1,nM
C[C@H](O)[C@H](NC(=O)c1ccc(cc1)C#Cc1ccccc1)C(=O)NO,IC50,1,nM
C[C@@H](O)[C@H](NC1CCOc2cc(ccc12)C#Cc1ccc(CN2CCOCC2)cc1)C(=O)NO,IC50,1,nM
C[C@@H](O)[C@H](NC(=O)c1ccc(cc1)C#Cc1ccc(CN2CCOCC2)cc1)C(=O)NO,IC50,1,nM
C[C@@H](O)[C@H](NC1CCCc2cc(ccc12)C#Cc1ccccc1)C(=O)NO,IC50,1,nM
CCc1ccc(cc1)-c1ccc(cc1)C(=O)N[C@@H]([C@@H](C)NCC(O)=O)C(=O)NO,IC50,1,nM
C[C@@](CCn1ccc(cc1=O)-c1ccc(Cl)cc1F)(C(=O)NO)S(C)(=O)=O,IC50,1,nM
[H][C@@]1(CCc2cc(ccc12)C#Cc1ccc(CN2CCOCC2)cc1)N[C@H](C(=O)NO)C(C)(C)N,IC50,1,nM
Cc1ccc(COc2ccc(CCC(C)(C(=O)NO)S(C)(=O)=O)cc2)cc1,IC50,1.02,nM
CC(CCc1ccc(cc1)-c1ccc(cc1)N1CCN(CC1)S(C)(=O)=O)(C(=O)NO)S(C)(=O)=O,IC50,1.08,nM
C[C@@](CCN1C=CC(=CC1=O)c2ccc(cc2F)OC)(C(=O)NO)S(=O)(=O)C,IC50,1.10,nM
C[C@@](CCn1ccc(cc1=O)-c1ccc(cc1)-c1nccs1)(C(=O)NO)S(C)(=O)=O,IC50,1.10,nM
C[C@@](CCn1ccc(cc1=O)-c1ccc(cc1)-c1ccon1)(C(=O)NO)S(C)(=O)=O,IC50,1.10,nM
CC(C)CCOc1ccc(CCC(C)(C(=O)NO)S(C)(=O)=O)cc1,IC50,1.11,nM
CN1CCN(CC1)c1ccc(cc1)-c1ccc(CCC(C)(C(=O)NO)S(C)(=O)=O)cc1,IC50,1.17,nM
COc1cnc(nc1)-c1ccc(cc1)-c1ccn(CC[C@](C)(C(=O)NO)S(C)(=O)=O)c(=O)c1,IC50,1.20,nM
C[C@@](CCn1ccc(cc1=O)-c1ccc(cc1)-c1ccncc1)(C(=O)NO)S(C)(=O)=O,IC50,1.20,nM
C[C@@](CCn1ccc(cc1=O)-c1ccc2ccccc2c1)(C(=O)NO)S(C)(=O)=O,IC50,1.20,nM
CC(CCc1ccc(OCc2ccc(cc2)S(C)(=O)=O)cc1)(C(=O)NO)S(C)(=O)=O,IC50,1.21,nM
COc1ccc(c(F)c1)-c1ccc(CCC(C)(C(=O)NO)S(C)(=O)=O)cn1,IC50,1.21,nM
Cc1cc(F)ccc1-c1ccc(CCC(C)(C(=O)NO)S(C)(=O)=O)cc1,IC50,1.23,nM
CC(CCc1ccc(OCCC2CCCC2)cc1)(C(=O)NO)S(C)(=O)=O,IC50,1.27,nM
CCC(CC)COc1ccc(CCC(C)(C(=O)NO)S(C)(=O)=O)cc1,IC50,1.29,nM
OCCCNC(=O)C[C@H](NC(=O)c1ccc(cc1)C#Cc1ccccc1)C(=O)NO,IC50,1.30,nM
C[C@@](CCn1ccc(cc1=O)-c1ccc(cc1)-c1ccccn1)(C(=O)NO)S(C)(=O)=O,IC50,1.30,nM
CC(CCc1ccc(OCc2cccc(Cl)c2)cc1)(C(=O)NO)S(C)(=O)=O,IC50,1.32,nM
CC(CCc1ccc(OCCC2CC2)cc1)(C(=O)NO)S(C)(=O)=O,IC50,1.36,nM
CC(CCc1ccc(OCc2cc(ccc2F)C#N)cc1)(C(=O)NO)S(C)(=O)=O,IC50,1.36,nM
C[C@@](CCc1ccc(cc1)-c1ccccc1)(C(=O)NO)S(C)(=O)=O,IC50,1.40,nM
Cc1ccccc1COc1ccc(CCC(C)(C(=O)NO)S(C)(=O)=O)cc1,IC50,1.45,nM
CCc1ccc(cc1)-c1ccc(cc1)C(=O)N[C@@H]([C@@H](C)N)C(=O)NO,IC50,1.46,nM
CC(=O)NC[C@@H]1CN(C(=O)O1)c1ccc(c(F)c1)-c1ccc(CC[C@](C)(C(=O)NO)S(C)(=O)=O)cc1,IC50,1.48,nM
C[C@@](CCn1ccc(cc1=O)-c1ccc(F)c(F)c1F)(C(=O)NO)S(C)(=O)=O,IC50,1.5,nM
CC(CCc1ccc(OCCOc2ccccc2)cc1)(C(=O)NO)S(C)(=O)=O,IC50,1.52,nM
CC(CCc1ccc(OCc2ccc(OC(F)(F)F)cc2)cc1)(C(=O)NO)S(C)(=O)=O,IC50,1.53,nM
CC(C)CCc1noc(COc2ccc(CCC(C)(C(=O)NO)S(C)(=O)=O)cc2)n1,IC50,1.54,nM
OC[C@H](NC(=O)c1ccc(cc1)C#Cc1ccccc1)C(=O)NO,IC50,1.60,nM
CNC(=O)[C@](C)(N(C)C(=O)c1ccc(cc1)C#Cc1coc(COC)c1)C(=O)NO,IC50,1.60,nM
ONC(=O)[C@H](Cc1cnc[nH]1)NC(=O)c1ccc(cc1)C#Cc1ccccc1,IC50,1.60,nM
CC(CCc1ccc(OCc2nc(no2)-c2cccc(Cl)c2)cc1)(C(=O)NO)S(C)(=O)=O,IC50,1.66,nM
Cc1cc(ccc1CCC(C)(C(=O)NO)S(C)(=O)=O)-c1ccccc1,IC50,1.68,nM
CC(=O)Nc1ccc(cc1)-c1ccc(CC[C@](C)(C(=O)NO)S(C)(=O)=O)cc1,IC50,1.74,nM
CS(=O)(=O)C[C@H](NC(=O)c1ccc(cc1)C#Cc1ccccc1)C(=O)NO,IC50,1.80,nM
C[C@@](CCn1ccc(cc1=O)C#Cc1ccccc1)(C(=O)NO)S(C)(=O)=O,IC50,1.80,nM
COc1cccc(c1F)-c1ccn(CC[C@](C)(C(=O)NO)S(C)(=O)=O)c(=O)c1,IC50,1.80,nM
CSC[C@H](NC(=O)c1ccc(cc1)C#Cc1ccccc1)C(=O)NO,IC50,1.80,nM
CC(CCc1ccc(cc1)C1=CCOCC1)(C(=O)NO)S(C)(=O)=O,IC50,1.88,nM
CC(CCc1ccc(OCc2ccccc2-n2cccn2)cc1)(C(=O)NO)S(C)(=O)=O,IC50,1.99,nM
[H][C@@]1(CCc2cc(ccc12)C#Cc1ccc(CN2CCOCC2)cc1)N[C@H](C(=O)NO)C(C)(C)N,IC50,2,nM
COc1ncc(cn1)-c1ccc(cc1)-c1ccn(CC[C@](C)(C(=O)NO)S(C)(=O)=O)c(=O)c1,IC50,2,nM
C[C@@H](O)[C@H](NC(=O)c1ccc(cc1)C#Cc1ccc(CN2CCOCC2)cc1)C(=O)NO,KI,2,nM
C[C@@H](O)[C@H](NC1COCc2cc(ccc12)C#Cc1ccccc1)C(=O)NO,IC50,2,nM
[H][C@@]1(CCc2cc(ccc12)C#Cc1ccc(Cn2ccnc2CO)cc1)N[C@H](C(=O)NO)C(C)(C)N,IC50,2,nM
CNC(=O)[C@](C)(N(C)C(=O)c1ccc(cc1)C#Cc1ccc(CN2CCCOCC2)cc1)C(=O)NO,IC50,2,nM
C[C@@H](O)[C@H](NC1CCN(C)c2cc(ccc12)C#Cc1ccccc1)C(=O)NO,IC50,2,nM
C[C@@H](O)[C@H](NC(=O)c1ccc(cc1)C#Cc1ccc(CN2CCOCC2)cc1)C(=O)NO,KI,2,nM
C[C@@H](O)[C@@H](NC(=O)c1ccc(cc1)C#Cc1ccccc1)C(=O)NO,IC50,2,nM
COc1ccc(cc1F)-c1ccn(CC[C@](C)(C(=O)NO)S(C)(=O)=O)c(=O)c1,IC50,2,nM
ONC(=O)[C@@H](NC(=O)c1ccc(cc1)C#Cc1ccccc1)c1ccccc1,IC50,2,nM
C[C@@H](O)[C@H](NC1CCN(C)c2cc(ccc12)C#Cc1ccc(CN2CCOCC2)cc1)C(=O)NO,IC50,2,nM
C[C@@H](O)[C@H](NC1CCCc2cc(ccc12)C#Cc1ccc(CN2CCOCC2)cc1)C(=O)NO,IC50,2,nM
[H][C@@]1(CCc2cc(ccc12)C#Cc1ccc(CN2CCOCC2)cc1)N[C@@H]([C@@H](C)O)C(=O)NO,IC50,2,nM
[H][C@@]1(CCc2cc(ccc12)C#Cc1ccc(CN2CCOCC2)cc1)N[C@@H]([C@@H](C)O)C(=O)NO,IC50,2,nM
C[C@@H](O)[C@H](NC1CCc2cc(ccc12)C#Cc1ccc(CN2CCOCC2)cc1)C(=O)NO,IC50,2,nM
CC(CCc1ccc(c(F)c1)-c1ccc(NS(C)(=O)=O)cc1)(C(=O)NO)S(C)(=O)=O,IC50,2.04,nM
CC(CCc1ccc(OCc2ccc(cc2)C(F)(F)F)cc1)(C(=O)NO)S(C)(=O)=O,IC50,2.08,nM
C[C@@H](O)[C@@H](NC(=O)N1CCC(CC1)c1ccc(cc1)C#Cc1ccccc1)C(=O)NO,IC50,2.10,nM
C[C@@H](O)[C@H](NC(=O)c1ccc(cc1)C#Cc1ccc(CN2CCOCC2)cc1)C(=O)NO,IC50,2.10,nM
C[C@@](CCn1ccc(cc1=O)-c1ccccc1F)(C(=O)NO)S(C)(=O)=O,IC50,2.20,nM
C[C@@](CCn1cc(F)c(cc1=O)-c1ccccc1)(C(=O)NO)S(C)(=O)=O,IC50,2.30,nM
CCOC1CN(Cc2ccc(cc2)C#Cc2ccc(cc2)C(=O)N(C)[C@@](C)(C(=O)NC)C(=O)NO)C1,IC50,2.30,nM
CC(CCc1ccc(OCc2ccc(F)cc2C(F)(F)F)cc1)(C(=O)NO)S(C)(=O)=O,IC50,2.36,nM
CC(CCc1ccc(COc2ccccc2)cc1)(C(=O)NO)S(C)(=O)=O,IC50,2.38,nM
C[C@@H](O)[C@@H](NC(=O)N1CCN(CC1)c1ccc(cc1)C#Cc1ccccc1)C(=O)NO,IC50,2.40,nM
CC(C)(O)[C@@H](NC(=O)N1CCC(CC1)c1ccc(cc1)-c1ccccc1)C(=O)NO,IC50,2.5,nM
Cc1cc(CCC(C)(C(=O)NO)S(C)(=O)=O)ccc1-c1ccc(F)cc1,IC50,2.54,nM
CC(CCc1ccc(OCCCC2CCCC2)cc1)(C(=O)NO)S(C)(=O)=O,IC50,2.55,nM
CC(CCc1ccc(OCc2nc(no2)-c2ccccc2)cc1)(C(=O)NO)S(C)(=O)=O,IC50,2.56,nM
C[C@@](C[C@H]1CC(=NO1)c1ccc(Br)cc1)(C(=O)NO)S(C)(=O)=O,KD,2.60,nM
COc1ccc(cc1)-c1ccn(CC[C@](C)(C(=O)NO)S(C)(=O)=O)c(=O)c1,IC50,2.60,nM
C[C@@](CCc1ccc(cc1)-c1ccc(CC(=O)N2CCC(O)CC2)cc1)(C(=O)NO)S(C)(=O)=O,IC50,2.63,nM
CC(CCc1ccc(cc1)-c1ccc2CNCc2c1)(C(=O)NO)S(C)(=O)=O,IC50,2.68,nM
CC(CCc1ccc(OCc2cccc(OC(F)(F)F)c2)cc1)(C(=O)NO)S(C)(=O)=O,IC50,2.71,nM
CC(CCc1ccc(OCCC2CCCCC2)cc1)(C(=O)NO)S(C)(=O)=O,IC50,2.79,nM
CNC(=O)[C@](C)(N(C)C(=O)c1ccc(\C=C\c2ccc(CN3CCOCC3)cc2)cc1)C(=O)NO,IC50,2.80,nM
CNC(=O)C(N(C)C(=O)c1ccc(cc1)-c1ccc(cc1)C#CCOC)C(=O)NO,IC50,2.90,nM
C[C@@](CCn1ccc(cc1=O)-c1ccc(F)cc1)(C(=O)NO)S(C)(=O)=O,IC50,2.90,nM
C[C@@H](O)[C@@H](NC(=O)N1CCN(CC1)c1ccc(cc1)C#Cc1ccc(cc1)N1CCOCC1)C(=O)NO,IC50,3,nM
[H][C@@]1(CCc2cc(ccc12)C#Cc1ccc(CN2CCOCC2)cc1)N[C@@H]([C@@H](C)O)C(=O)NO,IC50,3,nM
C[C@@](CCn1ccc(cc1=O)-c1cccc(F)c1)(C(=O)NO)S(C)(=O)=O,IC50,3,nM
C[C@@H](O)[C@H](NC(=O)c1ccc(cc1)C#Cc1ccc(CN2CCOCC2)cc1)C(=O)NO,IC50,3,nM
[H][C@@]1(CCc2cc(ccc12)C#Cc1ccc(CN2CCC(CC2)OC)cc1)N[C@@H]([C@@H](C)O)C(=O)NO,IC50,3,nM
[H][C@]1(CCc2cc(ccc12)C#Cc1ccc(CN2CCOCC2)cc1)N[C@@H]([C@@H](C)O)C(=O)NO,IC50,3,nM
C[C@](OCc1ccc(cc1)-c1ccccc1)([C@@H](O)c1ncco1)C(=O)NO,IC50,3,nM
C[C@H](O)[C@](C)(OCc1ccc(cc1)-c1ccccc1)C(=O)NO,IC50,3,nM
CC(C)(N)[C@H](NC1COCc2cc(ccc12)C#Cc1ccc(Cn2ccnc2CO)cc1)C(=O)NO,IC50,3,nM
[H][C@@]1(CCc2cc(ccc12)C#Cc1ccc(CN2CCOCC2)cc1)N[C@H](C(=O)NO)C(C)(C)O,IC50,3,nM
C[C@@H](O)[C@H](NC(=O)c1ccc(cc1)C#Cc1ccc(CN2CCOCC2)cc1)C(=O)NO,IC50,3,nM
C[C@H](O)c1nccn1Cc1cc(-c2ccc(C#Cc3ccc(CN4CCOCC4)cc3)cc2)on1,IC50,3.07,nM
CC(C)C(NC(=O)c1ccc(cc1)C#Cc1ccccc1)C(=O)NO,IC50,3.10,nM
CCOc1ccc(cc1)-c1ccc(cc1)C(=O)N(C)C(C(=O)NC)C(=O)NO,IC50,3.10,nM
CNC(=O)[C@](C)(N(C)C(=O)c1ccc(cc1)C#Cc1ccc(CNC2COC2)cc1)C(=O)NO,IC50,3.10,nM
CC#CCOc1ccc(cc1)C(=O)N[C@H](C(=O)NO)C(C)(C)N,IC50,3.13,nM
Cc1cccnc1COc1ccc(CCC(C)(C(=O)NO)S(C)(=O)=O)cc1,IC50,3.14,nM
C[C@@](CCn1ccc(\C=C\c2ccccc2)cc1=O)(C(=O)NO)S(C)(=O)=O,IC50,3.20,nM
CC(C)CCCOc1ccc(CCC(C)(C(=O)NO)S(C)(=O)=O)cc1,IC50,3.22,nM
CC(CCc1ccc(COc2cccc(F)c2)cc1)(C(=O)NO)S(C)(=O)=O,IC50,3.24,nM
CC(CCc1ccc(OCC2CCC2)cc1)(C(=O)NO)S(C)(=O)=O,IC50,3.28,nM
CC(CCc1ccc(COc2ccc(F)cc2)cc1)(C(=O)NO)S(C)(=O)=O,IC50,3.28,nM
CNC(=O)C(N(C)C(=O)c1ccc(cc1)-c1ccc(OC)cc1)C(=O)NO,IC50,3.30,nM
CC(CO)(CCc1ccc(cc1)-c1ccccc1)C(=O)NO,IC50,3.30,nM
C[C@@](CCc1ccc(cc1)-c1ccc(cc1)C(=O)N1CCC(O)CC1)(C(=O)NO)S(C)(=O)=O,IC50,3.39,nM
CNC(=O)[C@](C)(N(C)C(=O)c1ccc(cc1)C#Cc1coc(CNC2CC2)c1)C(=O)NO,IC50,3.40,nM
CC(CCc1ccc(cc1O)-c1ccc(F)cc1)(C(=O)NO)S(C)(=O)=O,IC50,3.43,nM
Cc1ccc(cc1)-c1noc(COc2ccc(CCC(C)(C(=O)NO)S(C)(=O)=O)cc2)n1,IC50,3.48,nM
C[C@H](O)c1nccn1Cc1cc(-c2ccc(C#Cc3ccc(CO)nc3)cc2)on1,IC50,3.55,nM
Cc1nncn1-c1ccc(OCCOc2ccc(CCC(C)(C(=O)NO)S(C)(=O)=O)cc2)cc1,IC50,3.56,nM
C[C@@H](N)[C@H](NC(=O)c1ccc(cc1)C#Cc1ccccc1)C(=O)NO,IC50,3.56,nM
C[C@@](CCN1C=CC(=CC1=O)c2ccccc2)(C(=O)NO)S(=O)(=O)C,IC50,3.60,nM
COCCNC(=O)C[C@H](NC(=O)c1ccc(cc1)C#Cc1ccccc1)C(=O)NO,IC50,3.60,nM
COc1cccc(c1)-c1ccn(CC[C@](C)(C(=O)NO)S(C)(=O)=O)c(=O)c1,IC50,3.70,nM
CNC(=O)C(N(C)C(=O)c1ccc(cc1)-c1ccc(C)cc1)C(=O)NO,IC50,3.70,nM
CC(CCc1ccc(OCc2nc(no2)-c2cccc(F)c2)cc1)(C(=O)NO)S(C)(=O)=O,IC50,3.81,nM
C[C@@](CCc1ccc(cc1)-c1cccnc1)(C(=O)NO)S(C)(=O)=O,IC50,3.84,nM
CCOC1CN(Cc2ccc(cc2F)C#Cc2ccc(cc2)C(=O)N(C)C(C(=O)NC)C(=O)NO)C1,IC50,3.90,nM
C[C@@](CCn1ccc(cc1=O)-c1cc(F)cc(F)c1)(C(=O)NO)S(C)(=O)=O,IC50,3.90,nM
CC(C)c1ccc(cc1)-c1noc(COc2ccc(CCC(C)(C(=O)NO)S(C)(=O)=O)cc2)n1,IC50,3.93,nM
C[C@@H](O)[C@H](NC1CCc2cc(ccc12)C#Cc1ccc(CN2CCOCC2)cc1)C(=O)NO,IC50,4,nM
[H][C@@]1(CCc2cc(ccc12)C#Cc1ccc(Cn2ccnc2CO)cc1)N[C@H](C(=O)NO)C(C)(C)N,IC50,4,nM
[H][C@@]1(CCc2cc(ccc12)C#Cc1ccc(Cn2ccnc2C)cc1)N[C@@H]([C@@H](C)O)C(=O)NO,IC50,4,nM
C[C@@H](c1nccn1Cc2cc(on2)C#Cc3ccc(cc3)CCCO)O,IC50,4,nM
C[C@@H](O)[C@@H](NC(=O)N1CCN(CC1)c1ccc(cc1)C#Cc1ccc(O)cc1)C(=O)NO,IC50,4,nM
ONC(=O)[C@H](CC(=O)NCC#C)NC(=O)c1ccc(cc1)C#Cc1ccccc1,IC50,4,nM
ONC(=O)C1(CCS(=O)(=O)CC1)NC(=O)c1ccc(cc1)C#Cc1ccccc1,IC50,4,nM
[H][C@@]1(CCc2cc(ccc12)C#Cc1ccc(Cn2ccnc2CO)cc1)N[C@H](C(=O)NO)C(C)(C)N,IC50,4,nM
C[C@@H](O)[C@@H](NC(=O)N1CCN(CC1)c1ccc(cc1)C#Cc1ccncc1)C(=O)NO,IC50,4,nM
C[C@@H](O)[C@](C)(OCc1ccc(cc1)-c1ccccc1)C(=O)NO,IC50,4,nM
C[C@@](CCc1ccc(cc1)-c1ccc(cc1)C(=O)N1CCC[C@@H]1CO)(C(=O)NO)S(C)(=O)=O,IC50,4.02,nM
CC(CCc1ccc(OCCc2ccccc2)cc1)(C(=O)NO)S(C)(=O)=O,IC50,4.03,nM
C[C@@](CCn1ccc(cc1=O)C1=CCCCC1)(C(=O)NO)S(C)(=O)=O,IC50,4.10,nM
CCc1ccc(cc1)-c1ccc(cc1)C(=O)N[C@@H]([C@@H](C)NCC(=O)N1CCNC(=O)C1)C(=O)NO,IC50,4.15,nM
C[C@@H](NCC(=O)N1CCNC(=O)C1)[C@H](NC(=O)c1ccc(cc1)C#Cc1ccccc1)C(=O)NO,IC50,4.19,nM
CNC(=O)C(N(C)C(=O)c1ccc(cc1)C#Cc1ccc(CN2CCCOCC2)cc1)C(=O)NO,IC50,4.20,nM
C[C@H](O)c1nccn1Cc1cc(-c2ccc(C#Cc3ccc(CCC(=O)O)cc3)cc2)on1,IC50,4.25,nM
Cc1ccc(C)c(COc2ccc(CCC(C)(C(=O)NO)S(C)(=O)=O)cc2)c1,IC50,4.25,nM
CNC(=O)C(N(C)C(=O)c1ccc(\C=C\C#Cc2ccc(CNC3CC3)cc2)cc1)C(=O)NO,IC50,4.30,nM
C[C@H](O)c1nccn1Cc1cc(on1)C#Cc1ccc(OC2CN(CCO)C2)cc1,IC50,4.40,nM
C[C@@](CCn1ccc(cc1=O)-c1cc(F)ccc1F)(C(=O)NO)S(C)(=O)=O,IC50,4.40,nM
Cc1cc(C)cc(COc2ccc(CCC(C)(C(=O)NO)S(C)(=O)=O)cc2)c1,IC50,4.5,nM
CNC(=O)C(N(C)C(=O)c1ccc(cc1)-c1ccc(CF)cc1)C(=O)NO,IC50,4.5,nM
CC(CCc1ccc(OCCCC2CCCCC2)cc1)(C(=O)NO)S(C)(=O)=O,IC50,4.56,nM
CC(CCc1ccc(OCc2cccnc2)cc1)(C(=O)NO)S(C)(=O)=O,IC50,4.58,nM
CNC(=O)C(N(C)C(=O)c1ccc(cc1)-c1ccc(OC(F)(F)F)cc1)C(=O)NO,IC50,4.60,nM
C[C@H](O)c1nccn1Cc1cc(on1)C#Cc1ccc(OCCCNC2COC2)cc1,IC50,4.60,nM
CNC(=O)C(N(C)C(=O)c1ccc(cc1)-c1ccc2N(C)CCc2c1)C(=O)NO,IC50,4.70,nM
CNC(=O)C(C)(N(C)C(=O)c1ccc(cc1)C#Cc1coc(COC)c1)C(=O)NO,IC50,4.80,nM
C[C@@](CCn1ccc(cc1=O)-c1c(F)cccc1F)(C(=O)NO)S(C)(=O)=O,IC50,4.80,nM
C[C@H](O)c1nccn1Cc4cc(c3ccc(C#Cc2ccc(CCCCO)cc2)cc3)on4,IC50,4.86,nM
CNC(=O)[C@](C)(N(C)C(=O)c1ccc(cc1)-c1ccc2n(C)ccc2c1)C(=O)NO,IC50,4.90,nM
C[C@@](CCn1ccc(c(F)c1=O)-c1ccccc1)(C(=O)NO)S(C)(=O)=O,IC50,4.90,nM
CC(CCc1ccc(OCCC2CCOCC2)cc1)(C(=O)NO)S(C)(=O)=O,IC50,4.93,nM
[H][C@@]1(CCc2cc(ccc12)C#Cc1ccc(Cn2ccnc2CCO)cc1)N[C@@H]([C@@H](C)O)C(=O)NO,IC50,5,nM
C[C@@H](O)[C@@H](NC(=O)N1CCN(CC1)c1ccc(cc1)C#Cc1ccc(Cl)cc1)C(=O)NO,IC50,5,nM
[H][C@@]1(CCc2cc(ccc12)C#Cc1ccc(CN2CCC(CC2)OC)cc1)N[C@@H]([C@@H](C)O)C(=O)NO,IC50,5,nM
[H][C@@]1(CCc2cc(ccc12)C#Cc1ccc(Cn2ccnc2CCO)cc1)N[C@@H]([C@@H](C)O)C(=O)NO,IC50,5,nM
C[C@@H](O)[C@H](NC(=O)c1ccc(cc1)C#Cc1ccc(CN2CCOCC2)cc1)C(=O)NO,KI,5,nM
CC(C)(N)[C@H](NC1COCc2cc(ccc12)C#Cc1ccc(Cn2ccnc2CO)cc1)C(=O)NO,IC50,5,nM
CNC(=O)C(N(C)C(=O)c1ccc(cc1)-c1ccc2OCOc2c1)C(=O)NO,IC50,5,nM
C[C@@H](O)[C@H](NC1CCCc2cc(ccc12)C#Cc1ccccc1)C(=O)NO,IC50,5,nM
COc1cc(OC)cc(Oc2ccc(CCC(C)(C(=O)NO)S(C)(=O)=O)cc2)c1,IC50,5,nM
CNC(=O)C(N(C)C(=O)c1ccc(cc1)-c1ccc2OCCc2c1)C(=O)NO,IC50,5,nM
CC(C)(N)[C@H](NC1COCc2cc(ccc12)C#Cc1ccc(CN2CCOCC2)cc1)C(=O)NO,IC50,5,nM
CNC(=O)C(N(C)C(=O)c1ccc(cc1)-c1ccc2CCOc2c1)C(=O)NO,IC50,5,nM
CC(CCc1ccc(OCc2ccccn2)cc1)(C(=O)NO)S(C)(=O)=O,IC50,5.01,nM
CNC(=O)[C@](C)(N(C)C(=O)c1ccc(CCc2ccc(CN3CCOCC3)cc2)cc1)C(=O)NO,IC50,5.10,nM
Cc1cc(C)cc(c1)-c1ccn(CC[C@](C)(C(=O)NO)S(C)(=O)=O)c(=O)c1,IC50,5.30,nM
CC(CCc1ccc(OCc2nc(no2)-c2cccc(F)c2F)cc1)(C(=O)NO)S(C)(=O)=O,IC50,5.31,nM
CC(CCc1ccc(OCc2cc(F)ccc2C#N)cc1)(C(=O)NO)S(C)(=O)=O,IC50,5.36,nM
Cc1cc(CCC(C)(C(=O)NO)S(C)(=O)=O)ccc1-c1ccccc1,IC50,5.58,nM
Cc1ncccc1COc1ccc(CCC(C)(C(=O)NO)S(C)(=O)=O)cc1,IC50,5.59,nM
CNC(=O)C(N(C)C(=O)c1ccc(cc1)-c1ccc2OC(OC)Oc2c1)C(=O)NO,IC50,5.60,nM
C[C@@H](O)[C@@H](NC(=O)N1CCN(CC1)c1ccc(cc1)-c1ccccc1)C(=O)NO,IC50,5.60,nM
CNC(=O)C(N(C)C(=O)c1ccc(cc1)-c1ccc(OCCO)cc1)C(=O)NO,IC50,5.70,nM
C[C@H](O)c1nccn1Cc1cc(-c2ccc(C#Cc3ccc(C(=O)N4CCN(C)CC4)cc3)cc2)on1,IC50,5.78,nM
CC(CCc1ccc(OCc2nc(no2)-c2cc(F)cc(F)c2)cc1)(C(=O)NO)S(C)(=O)=O,IC50,5.81,nM
Cc1ccc(COc2ccc(CCC(C)(C(=O)NO)S(C)(=O)=O)cc2)cn1,IC50,5.96,nM
[H][C@@]1(CCc2cc(ccc12)C#Cc1ccc(CN2CCOCC2)cc1)N[C@H](C(=O)NO)C(C)(C)N,IC50,6,nM
C[C@@](CCn1ccc(CCc2ccccc2)cc1=O)(C(=O)NO)S(C)(=O)=O,IC50,6,nM
[H][C@@]1(CCc2cc(ccc12)C#Cc1ccc(Cn2ccnc2CO)cc1)N[C@@H]([C@@H](C)O)C(=O)NO,IC50,6,nM
[H][C@@]1(CCc2cc(ccc12)C#Cc1ccc(COCCNC)cc1)N[C@@H]([C@@H](C)O)C(=O)NO,IC50,6,nM
C[C@@H](O)[C@H](NC1CCOc2cc(ccc12)C#Cc1ccc(CN2CCOCC2)cc1)C(=O)NO,IC50,6,nM
ONC(=O)[C@@H]1CN(C(=O)O1)c1ccc(C#CC#CC2CC2)c(F)c1,IC50,6,nM
ONC(=O)[C@@H]1CN(C(=O)O1)c1ccc(C#CC#CC2CC2)c(F)c1,IC50,6,nM
C[C@@H](O)[C@H](NC1COCc2cc(ccc12)C#Cc1ccc(CN2CCOCC2)cc1)C(=O)NO,IC50,6,nM
C[C@H](O)c1nccn1Cc5cc(c4ccc(C#Cc3ccc(CCC2CCS(=O)(=O)C2)cc3)cc4)on5,IC50,6.06,nM
CNC(=O)C(N(C)C(=O)c1ccc(cc1)C#Cc1ccc(CNC2CC2)cc1)C(=O)NO,IC50,6.10,nM
CNC(=O)C(N(C)C(=O)c1ccc(cc1)-c1ccc(COC)cc1)C(=O)NO,IC50,6.10,nM
CC(CCc1ccc(cc1)-c1ccc(cc1)N1CCNCC1)(C(=O)NO)S(C)(=O)=O,IC50,6.22,nM
CCCCCCOc1ccc(CCC(C)(C(=O)NO)S(C)(=O)=O)cc1,IC50,6.31,nM
Cc1ccc(Cc2noc(COc3ccc(CCC(C)(C(=O)NO)S(C)(=O)=O)cc3)n2)cc1,IC50,6.32,nM
COc1ccc(F)c(c1)-c1noc(COc2ccc(CCC(C)(C(=O)NO)S(C)(=O)=O)cc2)n1,IC50,6.39,nM
COc1ccc(cn1)-c1ccn(CC[C@](C)(C(=O)NO)S(C)(=O)=O)c(=O)c1,IC50,6.40,nM
CNC(=O)C(N(C)C(=O)c1ccc(cc1)-c1ccc(cc1)C(F)(F)F)C(=O)NO,IC50,6.70,nM
CNC(=O)C(N(C)C(=O)c1ccc(cc1)-c1ccc(OCCCN2CCOCC2)cc1)C(=O)NO,IC50,6.70,nM
C[C@H](O)c1nccn1Cc1cc(-c2ccc(C#Cc3ccc(CN4CCC(N5CCOCC5)CC4)cc3)cc2)on1,IC50,6.70,nM
Cc1c(ccn(CC[C@](C)(C(=O)NO)S(C)(=O)=O)c1=O)-c1ccccc1,IC50,6.70,nM
C[C@H](O)c1nccn1Cc1cc(-c2ccc(C#Cc3ccc(CN4CCC(C(=O)O)CC4)cc3)cc2)on1,IC50,6.70,nM
C[C@H](O)c1nccn1Cc1cc(-c2ccc(C#Cc3ccc(CN4CC(CC(N)=O)C4)nc3)cc2)on1,IC50,6.71,nM
CC(CCc1ccccc1OCCC1CCOCC1)(C(=O)NO)S(C)(=O)=O,IC50,6.77,nM
C[C@@H](O)[C@@H](NC(=O)N1CCN(CC1)c1ccc(cc1)C#Cc1ccc(F)cc1)C(=O)NO,IC50,7,nM
C[C@H](O)c1nccn1Cc1cc(on1)C#Cc1ccc(OCCCNCCN)cc1,IC50,7,nM
C[C@@H](O)[C@H](NC1CCc2cc(ccc12)C#Cc1ccccc1)C(=O)NO,IC50,7,nM
CC(C)(O)[C@@H](NC(=O)N1CCN(CC1)c1ccc(cc1)-c1ccccc1)C(=O)NO,IC50,7,nM
CC(=O)Nc1ccc(cc1)-c1ccc(CCC(C)(C(=O)NO)S(C)(=O)=O)cc1F,IC50,7.09,nM
CNC(=O)C(N(C)C(=O)c1ccc(cc1)-c1ccc(NC)cc1)C(=O)NO,IC50,7.10,nM
CN(C(C(=O)NO)C(=O)NCc1cc(C)on1)C(=O)c1ccc(cc1)-c1ccccc1,IC50,7.10,nM
CNC(=O)C(N(C)C(=O)c1ccc(cc1)-c1ccc(F)cc1)C(=O)NO,IC50,7.10,nM
CC(CCc1ccc(c(F)c1)-c1cccnc1)(C(=O)NO)S(C)(=O)=O,IC50,7.11,nM
CC(CCc1ccc(OCc2nc(no2)C2CCCC2)cc1)(C(=O)NO)S(C)(=O)=O,IC50,7.20,nM
CNC(=O)C(N(C)C(=O)c1ccc(cc1)-c1ccc(cc1)N(C)C)C(=O)NO,IC50,7.20,nM
CNC(=O)C(N(C)C(=O)c1ccc(cc1)C#Cc1ccccc1)C(=O)NO,IC50,7.20,nM
C[C@H](O)c1nccn1Cc1cc(-c2ccc(C#Cc3ccc(CN4CC(C#N)C4)nc3)cc2)on1,IC50,7.42,nM
CNc1ccc(cc1)-c1ccc(cc1)C(=O)N(C)C(C(=O)NO)C(=O)NCc1cc(C)on1,IC50,7.5,nM
CC(CCc1ccc(OCc2nc(no2)-c2cccnc2)cc1)(C(=O)NO)S(C)(=O)=O,IC50,7.53,nM
CC(CCc1ccc(OCc2nc(no2)C2CCC2)cc1)(C(=O)NO)S(C)(=O)=O,IC50,7.56,nM
CNC(=O)C(N(C)C(=O)c1ccc(cc1)-c1ccccc1)C(=O)NO,IC50,7.70,nM
C[C@H](O)c1nccn1Cc1cc(-c2ccc(C#Cc3ccc(C(N)=O)cc3)cc2)on1,IC50,7.75,nM
CC(C)(N)[C@H](NC1COCc2cc(ccc12)C#Cc1ccc(CN2CCOCC2)cc1)C(=O)NO,IC50,8,nM
CCc1ccc(cc1)-c1ccc(cc1)C(=O)N[C@@H]([C@@H](C)O)C(=O)NO,IC50,8,nM
[H][C@]1(CCc2cc(ccc12)C#Cc1ccc(CN2CCOCC2)cc1)N[C@@H]([C@@H](C)O)C(=O)NO,IC50,8,nM
CC[C@H](O)[C@@](C)(OCc1ccc(cc1)-c1ccccc1)C(=O)NO,IC50,8,nM
C[C@@H](O)[C@H](NC(=O)c1ccc(cc1)C#Cc1ccc(CN2CCOCC2)cc1)C(=O)NO,KI,8,nM
C[C@H](O)c1nccn1Cc1cc(-c2ccc(C#Cc3ccc(CN4CC(C(N)=O)C4)nc3)cc2)on1,IC50,8.22,nM
CNC(=O)C(N(C)C(=O)c1ccc(cc1)-c1ccc(NCCCCCN2CCOCC2)cc1)C(=O)NO,IC50,8.30,nM
C[C@H](O)c1nccn1Cc1cc(-c2ccc(C#Cc3ccc(CN4CCC(O)CC4)nc3)cc2)on1,IC50,8.33,nM
C[C@@H](O)[C@H](NC(=O)c1ccc(cc1)C#CC#Cc1ccccc1)C(=O)NO,KD,8.35,nM
C[C@@](CCn1cnc(cc1=O)-c1ccccc1)(C(=O)NO)S(C)(=O)=O,IC50,8.5,nM
CCOC(=O)CC1CN(Cc2ccc(C#Cc3ccc(-c4cc(Cn5ccnc5[C@H](C)O)no4)cc3)cc2)C1,IC50,8.59,nM
CC(O)c1nccn1Cc1cc(on1)C#Cc1ccc(CCCO)cc1,IC50,9,nM
CNC(=O)C(N(C)C(=O)c1ccc(cc1)C#C\C=C\c1ccc(CNC2CC2)cc1)C(=O)NO,IC50,9.10,nM
CNC(=O)C(N(C)C(=O)c1ccc(c(F)c1)-c1ccccc1)C(=O)NO,IC50,9.20,nM
Cc1ccc(F)c(c1)-c1noc(COc2ccc(CCC(C)(C(=O)NO)S(C)(=O)=O)cc2)n1,IC50,9.27,nM
CC(Oc1ccc(CCC(C)(C(=O)NO)S(C)(=O)=O)cc1)c1ccccc1,IC50,9.55,nM
C[C@H](O)c1nccn1Cc1cc(-c2ccc(C#Cc3ccc(CN4CCN(C)CC4)cc3)cc2)on1,IC50,9.77,nM
C[C@H](O)c1nccn1Cc1cc(-c2ccc(C#Cc3ccc(CN4CCC(O)CC4)cc3)cc2)on1,IC50,9.84,nM
C[C@H](O)c1nccn1Cc1cc(-c2ccc(C#Cc3ccc(CN4CCOCC4C(=O)O)cc3)cc2)on1,IC50,9.86,nM
OCC(Cc1nc[nH]c(=O)c1O)N1Cc2cc(cn2C1=O)C#Cc1ccc(CN2CCOCC2)cc1,IC50,10,nM
OCC(Cc1nc[nH]c(=O)c1O)c1ccc(cc1)C#Cc1ccc(CNC2CCS(=O)(=O)C2)cc1,IC50,10,nM
C[C@@H](O)[C@@H](NC(=O)N1CCN(CC1)c1ccc(cc1)C#Cc1ccc(cc1)C(F)(F)F)C(=O)NO,IC50,10,nM
C[C@@H](O)[C@@H](NC(=O)N1CCN(CC1)c1ccc(cc1)C#Cc1ccccn1)C(=O)NO,IC50,10,nM
OCC(Cc1nc[nH]c(=O)c1O)c1ccc(cc1)C#Cc1ccc(CN2CCC(CC2)NC(=O)CO)cc1,IC50,10,nM
CC(CCc1ccc(OCc2ccccc2C#N)cc1)(C(=O)NO)S(C)(=O)=O,IC50,10,nM
NC(Cc1nc[nH]c(=O)c1O)c1ccc(cc1)C#Cc1ccc(CN2CCOCC2)cc1,IC50,10,nM
Oc1c(CC(NCCCF)c2ccc(cc2)C#Cc2ccc(CN3CCOCC3)cc2)nc[nH]c1=O,IC50,10,nM
CS(=O)(=O)NC(Cc1nc[nH]c(=O)c1O)c1ccc(cc1)C#Cc1ccc(CN2CCOCC2)cc1,IC50,10,nM
CC(C)(NS(C)(=O)=O)[C@H](NC(=O)c1ccc(cc1)-c1cc2ccc(OCCO)cc2o1)C(=O)NO,IC50,10,nM
Oc1c(CC(CNCCC#N)c2ccc(cc2)C#Cc2ccc(CN3CCOCC3)cc2)nc[nH]c1=O,IC50,10,nM
COC1CN(Cc2ccc(cc2)C#Cc2ccc(cc2)[C@@H](Cc2nc[nH]c(=O)c2O)NS(C)(=O)=O)C1,IC50,10,nM
[H][C@@]1(CCc2cc(ccc12)C#Cc1ccc(CN2CCCCC2)cc1)N[C@@H]([C@@H](C)O)C(=O)NO,IC50,10,nM
CC(CF)NC(Cc1nc[nH]c(=O)c1O)c1ccc(cc1)C#Cc1ccc(CN2CCOCC2)cc1,IC50,10,nM
Oc1c(CC(NCCCCl)c2ccc(cc2)C#Cc2ccc(CN3CCOCC3)cc2)nc[nH]c1=O,IC50,10,nM
[H][C@@]1(CCc2cc(ccc12)C#Cc1ccc(CN2CCCCC2)cc1)N[C@@H]([C@@H](C)O)C(=O)NO,IC50,10,nM
Oc1c(CC(CNCCF)c2ccc(cc2)C#Cc2ccc(CN3CCOCC3)cc2)nc[nH]c1=O,IC50,10,nM
C[C@@H](CO)NCC(Cc1nc[nH]c(=O)c1O)c1ccc(cc1)C#Cc1ccc(CN2CCOCC2)cc1,IC50,10,nM
C[C@H](CO)NCC(Cc1nc[nH]c(=O)c1O)c1ccc(cc1)C#Cc1ccc(CN2CCOCC2)cc1,IC50,10,nM
Oc1c(CC(N2Cc3cc(cn3C2=O)C#Cc2ccc(CN3CCOCC3)cc2)C(=O)NCC(F)F)nc[nH]c1=O,IC50,10,nM
Oc1c(CC(C(=O)NCCF)c2ccc(cc2)C#Cc2ccc(CN3CCOCC3)cc2)nc[nH]c1=O,IC50,10,nM
C[C@H](CF)NCC(Cc1nc[nH]c(=O)c1O)c1ccc(cc1)C#Cc1ccc(CN2CCOCC2)cc1,IC50,10,nM
CC(CCc1ccc(OCCCc2ccccc2)cc1)(C(=O)NO)S(C)(=O)=O,IC50,10.2,nM
Cc1cccc(Cc2noc(COc3ccc(CCC(C)(C(=O)NO)S(C)(=O)=O)cc3)n2)c1,IC50,10.4,nM
C[C@H](O)c1nccn1Cc1cc(-c2ccc(C#Cc3ccc(C(=O)N4CCC(C(=O)O)CC4)cc3)cc2)on1,IC50,10.4,nM
C[C@H](O)c1nccn1Cc1cc(-c2ccc(C#Cc3ccc(C(=O)N4CCC(O)CC4)cc3)cc2)on1,IC50,10.4,nM
CC1=C(COc2ccc(CCC(C)(C(=O)NO)S(C)(=O)=O)cc2)NC(O1)c1cccc(C)c1,IC50,10.4,nM
CC(CCc1ccc(OCC2CC2)cc1)(C(=O)NO)S(C)(=O)=O,IC50,10.5,nM
C[C@H](O)c1nccn1Cc1cc(-c2ccc(C#Cc3ccc(CN4CCNC(=O)C4)nc3)cc2)on1,IC50,10.5,nM
NC(=O)C[C@H](NC(=O)c1ccc(cc1)C#Cc1ccccc1)C(=O)NO,IC50,11,nM
CC(CCn1ccc(cc1=O)C1CCCCC1)(C(=O)NO)S(C)(=O)=O,IC50,11,nM
C[C@@H](O)[C@H](NC1CCOc2cc(ccc12)C#Cc1ccccc1)C(=O)NO,IC50,11,nM
C[C@@H](O)[C@@H](NC(=O)N1CCN(CC1)c1ccc(cc1)C#Cc1ccc(CC#N)cc1)C(=O)NO,IC50,11,nM
C[C@@](CCc1ccc(cc1)-c1cnc2cc[nH]c2c1)(C(=O)NO)S(C)(=O)=O,IC50,11.1,nM
C[C@H](O)c1nccn1Cc4cc(c3ccc(C#Cc2ccc(CCCCS(C)(=O)=O)cc2)cc3)on4,IC50,11.1,nM
C[C@H](O)c1nccn1Cc1cc(-c2ccc(C#Cc3cccc(OCC(=O)O)c3)cc2)on1,IC50,11.2,nM
C[C@H](O)c1nccn1Cc1cc(-c2ccc(C#Cc3ccc(CN4CC(C#N)C4)cc3)cc2)on1,IC50,11.2,nM
C[C@H](O)c1nccn1Cc1cc(-c2ccc(C#Cc3ccc(CN4CCOC(OC=O)C4)cc3)cc2)on1,IC50,11.2,nM
CC(CCc1ccc(cc1)C1=CCCC1)(C(=O)NO)S(C)(=O)=O,IC50,11.4,nM
Cc1ccc(OCc2noc(COc3ccc(CCC(C)(C(=O)NO)S(C)(=O)=O)cc3)n2)cc1,IC50,11.9,nM
CC(CCc1ccc(Sc2ccccc2)cc1)(C(=O)NO)S(C)(=O)=O,IC50,11.9,nM
C[C@@H](O)[C@@H](NC(=O)N1CCN(CC1)c1ccc(cc1)-c1cncs1)C(=O)NO,IC50,12,nM
CC(C)(NS(C)(=O)=O)[C@H](NC(=O)c1ccc(cc1)-c1cc2cc3OCOc3cc2o1)C(=O)NO,IC50,12,nM
C[C@@H](O)[C@@H](NC(=O)N1CCN(CC1)c1ccc(cc1)C#Cc1ccc(CO)cc1)C(=O)NO,IC50,12,nM
COc1ccccc1-c1ccn(CC[C@](C)(C(=O)NO)S(C)(=O)=O)c(=O)c1,IC50,12,nM
ONC(=O)C1(CCOCC1)NC(=O)c1ccc(cc1)C#Cc1ccccc1,IC50,12,nM
CNC(=O)C(N(C)C(=O)c1ccc(cc1)C#CC#CC1CC1)C(=O)NO,IC50,12,nM
CNC(=O)[C@](C)(N(C)C(=O)c1ccc(cc1)C#Cc1coc(COC)c1)C(=O)NO,IC50,12,nM
Cc1oc(nc1COc1ccc(CCC(C)(C(=O)NO)S(C)(=O)=O)cc1)-c1cccc(F)c1,IC50,12.5,nM
CC#CCOc1ccc(cc1)C(=O)NC(C(=O)NO)C(C)(C)N,IC50,12.5,nM
CCCCCc1noc(COc2ccc(CCC(C)(C(=O)NO)S(C)(=O)=O)cc2)n1,IC50,12.5,nM
C[C@H](O)c1nccn1Cc1cc(-c2ccc(C#Cc3ccc(C(O)CO)cc3)cc2)on1,IC50,12.7,nM
C[C@H](O)c1nccn1Cc1cc(-c2ccc(C#Cc3ccc(OCC4CCN(C)CC4)cc3)cc2)on1,IC50,12.9,nM
CCN(CC)CCCC(=O)c4ccc(C#Cc3ccc(c2cc(Cn1ccnc1[C@H](C)O)no2)cc3)cc4,IC50,12.9,nM
C[C@H](O)c1nccn1Cc1cc(-c2ccc(C#Cc3ccc(C(=O)N4CCOCC4)cc3)cc2)on1,IC50,12.9,nM
C[C@@H](O)[C@@H](N1Cc2cc(ccc2C1=O)C#Cc1ccc(cc1)-c1ccccc1)C(=O)NO,IC50,13,nM
CC(CCc1ccc(cn1)-c1ccccc1)(C(=O)NO)S(C)(=O)=O,IC50,13,nM
CCOc1ccc(cc1)-c1ccc(cc1)C(=O)N(C)[C@@](C)(C(=O)NC)C(=O)NO,IC50,13,nM
C[C@@H](O)[C@H](NC1CCOc2cc(ccc12)C#Cc1ccccc1)C(=O)NO,IC50,13,nM
C[C@H](O)c1nccn1Cc1cc(-c2ccc(C#Cc3ccc(CN4CC(C(N)=O)C4)cc3)cc2)on1,IC50,13.7,nM
CC(CCc1ccc(OCCc2ccncc2)cc1)(C(=O)NO)S(C)(=O)=O,IC50,13.7,nM
CC(CCc1ccc(OCc2cc(ccc2F)C(F)(F)F)cc1)(C(=O)NO)S(C)(=O)=O,IC50,13.8,nM
CC(CCc1ccc(OCc2ccc3ccccc3n2)cc1)(C(=O)NO)S(C)(=O)=O,IC50,13.9,nM
C[C@@H](O)[C@@H](NC(=O)N1CCN(CC1)c1ccc(cc1)C#Cc1ccc(CN2CCOCC2)cc1)C(=O)NO,IC50,14,nM
C[C@H](O)c1nccn1Cc1cc(-c2ccc(C#Cc3ccc(OCCO)cc3)cc2)on1,IC50,14,nM
C[C@@H](O)[C@H](NC1COCc2cc(ccc12)C#Cc1ccccc1)C(=O)NO,IC50,14,nM
[H][C@@]1(CCc2cc(ccc12)C#Cc1ccc(CN2CCN(CCO)CC2)cc1)N[C@H](C(=O)NO)C(C)(C)O,IC50,14,nM
ONC(=O)[C@H](NC(=O)c1ccc(cc1)C#Cc1ccccc1)c1ccccc1,IC50,14,nM
C[C@@H](O)[C@@H](NC(=O)N1CCC(CC1)c1ccc(cc1)-c1ccccc1)C(=O)NO,IC50,14,nM
[H][C@@]1(CCc2cc(ccc12)C#Cc1ccc(CN2CCN(CCO)CC2)cc1)N[C@@H]([C@@H](C)O)C(=O)NO,IC50,14,nM
C[C@H](O)c1nccn1Cc4cc(c3ccc(C#Cc2ccc(CCCCN)cc2)cc3)on4,IC50,14.1,nM
COc1cc(CCC(C)(C(=O)NO)S(C)(=O)=O)ccc1-c1ccccc1,IC50,14.6,nM
C[C@](CCc1ccc(cc1)-c1ccc2OCCOc2c1)(C(=O)NO)S(C)(=O)=O,IC50,14.6,nM
C[C@H](O)c1nccn1Cc1cc(-c2ccc(C#Cc3ccc(CN4CCC(CO)CC4)cc3)cc2)on1,IC50,14.7,nM
C[C@H](O)c1nccn1Cc4cc(c3ccc(C#Cc2ccc(CCCC(N)=O)cc2)cc3)on4,IC50,14.9,nM
C[C@@](OCc1ccc(cc1)-c1ccccc1)([C@@H](O)c1ccccn1)C(=O)NO,IC50,15,nM
[H][C@@]1(CCc2cc(ccc12)C#Cc1ccc(COCCNC)cc1)N[C@@H]([C@@H](C)O)C(=O)NO,IC50,15,nM
C[C@@H](O)[C@H](NC1CCN(C)c2cc(ccc12)C#Cc1ccccc1)C(=O)NO,IC50,15,nM
NC[C@H](NC(=O)c1ccc(cc1)C#Cc1ccccc1)C(=O)NO,IC50,15,nM
CC(CCc1ccc(c(O)c1)-c1ccc(F)cc1)(C(=O)NO)S(C)(=O)=O,IC50,15.4,nM
CC(CCc1ccc(OCc2cccc3cccnc23)cc1)(C(=O)NO)S(C)(=O)=O,IC50,15.8,nM
C[C@H](O)c1nccn1Cc1cc(-c2ccc(C#Cc3ccc(CN4CCNCC4)cc3)cc2)on1,IC50,15.9,nM
C[C@@H](O)[C@@H](NC(=O)N1CCN(CC1)c1ccc(cc1)-c1ccc(cc1)N1CCOCC1)C(=O)NO,IC50,16,nM
C[C@H](O)c1nccn1Cc1cc(-c2ccc(C#Cc3ccc(CN4CCNC(=O)C4)cc3)cc2)on1,IC50,16.2,nM
C[C@H](O)c1nccn1Cc1cc(-c2ccc(C#Cc3ccc(CN4CCOC(CC(=O)O)C4)cc3)cc2)on1,IC50,16.2,nM
C[C@H](O)c1nccn1Cc1cc(-c2ccc(C#Cc3cccc(C(=O)O)c3)cc2)on1,IC50,16.3,nM
CC#CCOc1ccc(cc1)C(=O)N[C@@H]([C@H](C)N)C(=O)NO,IC50,16.4,nM
C[C@H](O)c1nccn1Cc1cc(-c2ccc(C#Cc3ccc(CN4CC(CC#N)C4)nc3)cc2)on1,IC50,16.5,nM
C[C@H](O)c1nccn1Cc1cc(-c2ccc(C#Cc3ccc(CCC(N)=O)nc3)cc2)on1,IC50,16.7,nM
ONC(=O)[C@@H]1CN(C(=O)O1)c1ccc(cc1)C#CC#CC1CC1,IC50,18,nM
C[C@](OCc1ccc(cc1)-c1ccccc1)([C@@H](O)c1cccnc1)C(=O)NO,IC50,18,nM
C[C@@H](O)[C@H](NC1CCN(C)c2cc(ccc12)C#Cc1ccc(CN2CCOCC2)cc1)C(=O)NO,IC50,18,nM
C[C@@](CCc1ccc(cc1)-c1ccc(N)nc1)(C(=O)NO)S(C)(=O)=O,IC50,18.2,nM
C[C@H](O)c1nccn1Cc1cc(-c2ccc(C#Cc3ccc(CN4CC(C(=O)O)C4)nc3)cc2)on1,IC50,18.5,nM
C[C@H](O)c1nccn1Cc1cc(-c2ccc(C#Cc3ccc(OC4CCN(C)CC4)cc3)cc2)on1,IC50,18.6,nM
CC(NC(=O)c1ccc(cc1)C#Cc1ccccc1)C(=O)NO,IC50,19,nM
C[C@H](O)c1nccn1Cc4cc(c3ccc(C#Cc2ccc(CCCC(=O)O)cc2)cc3)on4,IC50,19.4,nM
CC#CCOc1ccc(cc1)C(=O)N[C@@H]([C@@H](C)N)C(=O)NO,IC50,19.7,nM
C[C@H](O)c1nccn1Cc1cc(-c2ccc(C#Cc3ccc(CN4CC(CC(=O)O)C4)cc3)cc2)on1,IC50,19.8,nM
C[C@H](O)c1nccn1Cc1cc(-c2ccc(C#Cc3ccc(C(=O)O)nc3)cc2)on1,IC50,19.9,nM
C[C@H](O)c1nccn1Cc1cc(-c2ccc(C#Cc3ccc(CC(=O)O)nc3)cc2)on1,IC50,19.9,nM
C[C@H](O)c1nccn1Cc1cc(-c2ccc(C#Cc3ccc(CN4CC(C(=O)O)C4)cc3)cc2)on1,IC50,19.9,nM
[H][C@@]1(CCc2cc(ccc12)C#Cc1ccc(CN2CCN(CCO)CC2)cc1)N[C@@H]([C@@H](C)O)C(=O)NO,IC50,20,nM
CCCc1cc(cc(OCc2ccccc2)c1OC)C1=NC(CO1)C(=O)NO,IC50,20,nM
C[C@@H](O)[C@H](NC1CCc2cc(ccc12)C#Cc1ccccc1)C(=O)NO,IC50,20,nM
C[C@@H](c1nccn1Cc2cc(on2)C#Cc3ccc(cc3)OCC(CO)(CO)N)O,IC50,20,nM
ONC(=O)[C@@H](Cc1ccc2ccccc2c1)NS(=O)(=O)c1ccc2ccccc2c1,KI,20,nM
C[C@@H](O)[C@H](NCc1ccc(cc1)C#Cc1ccccc1)C(=O)NO,IC50,20,nM
OC[C@H]1C[C@@H]1C#CC#Cc1ccc(cc1)N1C[C@H](OC1=O)C(=O)NO,IC50,20,nM
C[C@H]([C@@H](C(=O)NO)NC(=O)c1ccc(cc1)C#Cc2ccccc2)O,KD,20.1,nM
C[C@H](O)c1nccn1Cc4cc(c3ccc(C#Cc2ccc(C(=O)CCCO)cc2)cc3)on4,IC50,20.3,nM
CCC(c1noc(COc2ccc(CCC(C)(C(=O)NO)S(C)(=O)=O)cc2)n1)c1ccccc1,IC50,20.5,nM
CC(O)c1nccn1Cc1cc(on1)C#Cc1ccccc1,IC50,21,nM
C[C@@H](O)[C@@H](NC(=O)N1CCN(CC1)c1ccc(cc1)C#Cc1cccs1)C(=O)NO,IC50,21,nM
CC(CCc1ccc(OCCCOCc2ccccc2)cc1)(C(=O)NO)S(C)(=O)=O,IC50,21.1,nM
C[C@H](O)c1nccn1Cc4cc(c3ccc(C#Cc2ccc(C(=O)CCC(=O)O)cc2)cc3)on4,IC50,21.2,nM
C[C@H](O)c1nccn1Cc1cc(-c2ccc(C#Cc3ccc(CC(N)=O)nc3)cc2)on1,IC50,21.3,nM
CC1=C(COc2ccc(CCC(C)(C(=O)NO)S(C)(=O)=O)cc2)NC(O1)c1ccccc1F,IC50,21.6,nM
C[C@H](O)c1nccn1Cc1cc(-c2ccc(C#Cc3cccc(OCC(N)=O)c3)cc2)on1,IC50,21.6,nM
C[C@H](O)c1nccn1Cc4cc(c3ccc(C#Cc2ccc(CCCCS(C)(=O)=O)nc2)cc3)on4,IC50,21.8,nM
N[C@H](CO)C(=O)N1CCC(Cc2ccc(cc2)C#Cc2ccc(CO)cc2)CC1,IC50,22,nM
C[C@H](O)c1nccn1Cc1cc(-c2ccc(C#Cc3ccc(CCC(=O)O)nc3)cc2)on1,IC50,22,nM
CN(C)CCOc1ccc2cc(oc2c1)-c1ccc(cc1)C(=O)N[C@H](C(=O)NO)C(C)(C)NS(C)(=O)=O,IC50,22,nM
Cc1cc(cc(=O)n1CC[C@](C)(C(=O)NO)S(C)(=O)=O)-c1ccccc1,IC50,22,nM
CC(CO)(OCc1ccc(cc1)-c1ccccc1)C(=O)NO,IC50,22,nM
ONC(=O)C1(CCSCC1)NC(=O)c1ccc(cc1)C#Cc1ccccc1,IC50,22,nM
C[C@H](O)c1nccn1Cc1cc(-c2ccc(C#Cc3ccc(C(=O)O)cc3)cc2)on1,IC50,22.2,nM
C[C@H](O)c1nccn1Cc1cc(-c2ccc(C#Cc3ccc(CN4CCS(=O)(=O)CC4)cc3)cc2)on1,IC50,22.2,nM
C[C@H](O)c1nccn1Cc1cc(-c2ccc(C#Cc3ccc(CN4CC(O)C4)nc3)cc2)on1,IC50,22.3,nM
C[C@H](O)c1nccn1Cc4cc(c3ccc(C#Cc2ccc(C(=O)CCCO)nc2)cc3)on4,IC50,22.6,nM
C[C@H](O)c1nccn1Cc1cc(-c2ccc(C#Cc3ccc(CO)cc3)cc2)on1,IC50,23,nM
C[C@@H](O)[C@@H](NC(=O)N1CCN(CC1)c1ccc(cc1)C#Cc1ccc(cc1)N1CCNCC1)C(=O)NO,IC50,23,nM
C[C@H](O)c1nccn1Cc1cc(-c2ccc(C#Cc3cccc(CCC(=O)O)c3)cc2)on1,IC50,23.4,nM
CC(CCc1ccc(c(F)c1)-c1ccc(N)nc1)(C(=O)NO)S(C)(=O)=O,IC50,23.5,nM
C[C@H](O)c1nccn1Cc4cc(c3ccc(C#Cc2ccc(C(=O)CCCN(C)C)cc2)cc3)on4,IC50,24.2,nM
C[C@H](O)c1nccn1Cc4cc(c3ccc(C#Cc2ccc(CCCCC(=O)O)cc2)cc3)on4,IC50,24.4,nM
C[C@H](O)c1nccn1Cc1cc(-c2ccc(C#Cc3ccc(CN4CC(CC(=O)O)C4)nc3)cc2)on1,IC50,24.5,nM
C[C@H](O)c1nccn1Cc1cc(-c2ccc(C#Cc3ccc(CN4CC(CO)C4)nc3)cc2)on1,IC50,24.6,nM
C[C@H](O)c1nccn1Cc1cc(-c2ccc(C#Cc3ccc(CN4CCOCC4)cc3)cc2)no1,IC50,24.9,nM
Cn1ccnc1[C@H](O)[C@](C)(OCc1ccc(cc1)-c1ccccc1)C(=O)NO,IC50,25,nM
CNC(=O)C(C)(N(C)C(=O)c1ccc(cc1)C#Cc1coc(COC)c1)C(=O)NO,IC50,25,nM
Cn1nncc1[C@H](O)[C@](C)(OCc1ccc(cc1)-c1ccccc1)C(=O)NO,IC50,26,nM
C[C@@H](O)[C@@H](NC(=O)N1CCN(CC1)c1ccc(cc1)C#Cc1ccc(N)cc1)C(=O)NO,IC50,26,nM
[H][C@@]1(CCc2cc(ccc12)C#Cc1ccc(CN2CC[C@@H](O)C2)cc1)N[C@@H]([C@@H](C)O)C(=O)NO,IC50,26,nM
C[C@H](O)c1nccn1Cc1cc(-c2ccc(C#Cc3ccc(N4CCC(O)CC4)cc3)cc2)on1,IC50,26.3,nM
C[C@H](O)c1nccn1Cc4cc(c3ccc(C#Cc2ccc(CCCCO)nc2)cc3)on4,IC50,26.4,nM
C[C@H](O)c1nccn1Cc4cc(c3ccc(C#Cc2ccc(C(=O)CCC(C)(C)O)cc2)cc3)on4,IC50,26.6,nM
ONC(=O)[C@@H]1CN(C(=O)O1)c1ccc(C#CC#CC2CC2)c(c1)[N+]([O-])=O,IC50,27,nM
CC(O)c1nccn1CCCc1ccc(cc1)-c1ccccc1,IC50,27,nM
C[C@H](O)c1nccn1Cc1cc(-c2ccc(C#Cc3cccnc3)cc2)on1,IC50,27.1,nM
C[C@@H](O)[C@H](NC1CN(C)Cc2cc(ccc12)C#Cc1ccccc1)C(=O)NO,IC50,28,nM
CCOCC[C@H](O)[C@](C)(OCc1ccc(cc1)-c1ccccc1)C(=O)NO,IC50,28,nM
C[C@H](O)c1nccn1Cc1cc(-c2ccc(C#Cc3ccc(Cn4cccn4)cc3)cc2)on1,IC50,28.1,nM
C[C@@H](O)[C@@H](N1Cc2cc(ccc2C1=O)-c1ccc(cc1)C#Cc1ccccc1)C(=O)NO,IC50,29,nM
OCC(Cc1nc[nH]c(=O)c1O)c1ccc(cc1)C#Cc1ccc(CCN[C@H]2CCOC2)cc1,IC50,30,nM
OCC(Cc1nc[nH]c(=O)c1O)c1ccc(cc1)C#Cc1ccc(CN[C@@H]2CCN(C2)C(=O)CO)cc1,IC50,30,nM
CNC(=O)C(Cc1nc[nH]c(=O)c1O)c1ccc(cc1)C#Cc1ccc(CN2CCOCC2)cc1,IC50,30,nM
COCCNCc1ccc(cc1)C#Cc1ccc(cc1)C(CO)Cc1nc[nH]c(=O)c1O,IC50,30,nM
CNC(=O)[C@](C)(N(C)C(=O)c1ccc(cc1)C#Cc1ccc(CN2CCOCC2)cc1)C(=O)NO,IC50,30,nM
OCC(Cc1nc[nH]c(=O)c1O)c1ccc(cc1)C#Cc1ccc(CNC2CCS(=O)C2)cc1,IC50,30,nM
OCC(Cc1nc[nH]c(=O)c1O)c1ccc(cc1)C#Cc1ccc(CN2CCNCC2)cc1,IC50,30,nM
OCC(Cc1nc[nH]c(=O)c1O)c1ccc(cc1)C#Cc1ccc(CNC2CCS(=N)(=O)C2)cc1,IC50,30,nM
NC1(Cc2ccc(cc2)C#Cc2ccc(cc2)C(CO)Cc2nc[nH]c(=O)c2O)CCOCC1,IC50,30,nM
COC1CN(CC(Cc2nc[nH]c(=O)c2O)c2ccc(cc2)C#Cc2ccc(CN3CCOCC3)cc2)C1,IC50,30,nM
COC1CN(Cc2ccc(cc2)C#Cc2ccc(cc2)C(CNCC(C)F)Cc2nc[nH]c(=O)c2O)C1,IC50,30,nM
COC1CN(Cc2ccc(cc2)C#Cc2ccc(cc2)C(CN[C@@H](C)CF)Cc2nc[nH]c(=O)c2O)C1,IC50,30,nM
Cc1cn(CC[C@](C)(C(=O)NO)S(C)(=O)=O)c(=O)cc1-c1ccccc1,IC50,30,nM
COC[C@@H](Cc1nc[nH]c(=O)c1O)c1ccc(cc1)C#Cc1ccc(CN[C@@H]2CCNC2)cc1,IC50,30,nM
OCC(Cc1nc[nH]c(=O)c1O)c1ccc(cc1)C#Cc1ccc(CN2CCC(CC2)NC(=O)CO)cc1,IC50,30,nM
COC[C@@H](Cc1nc[nH]c(=O)c1O)c1ccc(cc1)C#Cc1ccc(CN[C@H]2CCNC2)cc1,IC50,30,nM
CS(=O)(=O)N[C@@H](Cc1nc[nH]c(=O)c1O)c1ccc(cc1)C#Cc1ccc(cc1)C1(O)CCNCC1,IC50,30,nM
CS(=O)(=O)N[C@@H](Cc1nc[nH]c(=O)c1O)c1ccc(cc1)C#Cc1ccc(CN2CCNC[C@H]2CO)cc1,IC50,30,nM
C[C@@H](CF)NCC(Cc1nc[nH]c(=O)c1O)c1ccc(cc1)C#Cc1ccc(CN2CCOCC2)cc1,IC50,30,nM
Cn1cc(cn1)C#Cc1ccc(cc1)C(CNCCF)Cc1nc[nH]c(=O)c1O,IC50,30,nM
OCC(Cc1nc[nH]c(=O)c1O)c1ccc(cc1)C#Cc1cnn(CC2CCOCC2)c1,IC50,30,nM
NC(Cc1nc[nH]c(=O)c1O)c1ccc(cc1)C#Cc1cnn(c1)C1COC1,IC50,30,nM
OCC(Cc1nc[nH]c(=O)c1O)c1ccc(cc1)C#Cc1cnn(c1)C1CCOCC1,IC50,30,nM
Oc1c(CC2CCc3cc(ccc23)C#Cc2ccc(CN3CCOCC3)cc2)nc[nH]c1=O,IC50,30,nM
Oc1c(CC2NC(=O)c3cc(ccc23)C#Cc2ccc(CN3CCOCC3)cc2)nc[nH]c1=O,IC50,30,nM
OCC(Cc1nc[nH]c(=O)c1O)c1ccc(cc1)C#Cc1ccc(CN2CCC(CC2)NC(=O)CO)cc1,IC50,30,nM
OCC(Cc1nc[nH]c(=O)c1O)n1ccc(cc1=O)C#Cc1ccc(CN2CCOCC2)cc1,IC50,30,nM
CC(F)CNCC(Cc1nc[nH]c(=O)c1O)c1ccc(cc1)C#Cc1ccc(CCN2CCOCC2)cc1,IC50,30,nM
NC[C@H]1CCCN1Cc1ccc(cc1)C#Cc1ccc(cc1)C(CO)Cc1nc[nH]c(=O)c1O,IC50,30,nM
NC(Cc1nc[nH]c(=O)c1O)c1ccc(cc1)C#Cc1ccc(CN[C@@H]2CCOC2)cc1,IC50,30,nM
[H][C@@]1(CCc2cc(ccc12)C#Cc1ccc(CN2CCN(C)CC2)cc1)N[C@@H]([C@@H](C)O)C(=O)NO,IC50,30,nM
COC(=O)C(Cc1nc[nH]c(=O)c1O)N1Cc2cc(cn2C1=O)C#Cc1ccc(CN2CCOCC2)cc1,IC50,30,nM
COC1CCN(Cc2ccc(cc2)C#Cc2ccc(cc2)C(N)Cc2nc[nH]c(=O)c2O)CC1,IC50,30,nM
Oc1c(CC(CN2CCC2)c2ccc(cc2)C#Cc2ccc(CN3CCOCC3)cc2)nc[nH]c1=O,IC50,30,nM
CCCc1cc(cc(c1OC)OC)C2=N[C@H](CO2)C(=O)NO,IC50,30,nM
C[C@H](O)c1nccn1Cc1cc(-c2ccc(C#Cc3ccncc3)cc2)on1,IC50,30.4,nM
C[C@H](O)c1nccn1Cc1cc(-c2ccc(C#Cc3ccc(CN4CCC(O)C(F)(F)C4)cc3)cc2)on1,IC50,31.9,nM
CNC(=O)C(N(C)C(=O)c1ccc(\C=C\C#Cc2ccc(CNC3CC3)cc2)cc1)C(=O)NO,IC50,33,nM
C[C@H](O)c1nccn1Cc4cc(c3ccc(C#Cc2ccc(C(=O)CCCC(=O)O)cc2)cc3)on4,IC50,33.1,nM
C[C@@H](O)[C@H](NC(=O)c1ccc(cc1)-c1ccc(Br)cc1)C(=O)NO,KD,33.2,nM
N[C@H](CO)C(=O)N1CCC(Cc2ccc(cc2)C#Cc2ccccc2)CC1,IC50,34,nM
C[C@@H](O)[C@@H](NC(=O)N1CCC(C1)c1ccc(cc1)C#Cc1ccccc1)C(=O)NO,IC50,36,nM
CCC(=O)c4ccc(C#Cc3ccc(c2cc(Cn1ccnc1[C@H](C)O)no2)cc3)cc4,IC50,36.7,nM
ON(CCc1nnn2cc(ccc12)C#Cc1ccc(CN2CCOCC2)cc1)C=O,IC50,37,nM
CCCCc1ccc(cc1)C(=O)N[C@@H]([C@@H](C)N)C(=O)NO,IC50,37.5,nM
C[C@@](CCn1ccc(cc1=O)-c1ccncc1)(C(=O)NO)S(C)(=O)=O,IC50,39,nM
CC#CCOc1ccc(cc1)C(=O)N[C@@H]([C@@H](N)C(F)(F)F)C(=O)NO,IC50,39,nM
[H][C@@]1(CCc2cc(ccc12)C#Cc1ccc(CN2CCN(CCO)CC2)cc1)N[C@H](C(=O)NO)C(C)(C)O,IC50,41,nM
C[C@H](O)c1nccn1Cc1cc(-c2ccc(C#Cc3ccc(OC4CCC(C(=O)O)CC4)cc3)cc2)on1,IC50,42.5,nM
CC(CCc1ccc(OCCCOc2ccccc2)cc1)(C(=O)NO)S(C)(=O)=O,IC50,42.5,nM
ON(CCn1nnc2cc(ccc12)C#Cc1ccc(CN2CCOCC2)cc1)C=O,IC50,44,nM
ON(CCn1ccc2cc(ccc12)C#Cc1ccc(CN2CCOCC2)cc1)C=O,IC50,45,nM
CNC(=O)[C@](C)(N(C)C(=O)c1ccc(cc1)C#Cc1ccc(CNC2COC2)cc1)C(=O)NO,IC50,46,nM
CC(=O)c1ccc(C#Cc2ccc(-c3cc(Cn4ccnc4[C@H](C)O)no3)cc2)cn1,IC50,46.8,nM
C[C@H](O)c1nccn1Cc4cc(c3ccc(C#Cc2ccc(CCCC(=O)O)nc2)cc3)on4,IC50,47.9,nM
CC(O)c1nccn1Cc1cc(on1)C#Cc1ccccc1,IC50,48,nM
CC(CCc1ccc(nc1)-c1ccccc1)(C(=O)NO)S(C)(=O)=O,IC50,49,nM
CCCc1cc(cc(c1OC)OC)C2=N[C@H](CO2)C(=O)NO,KI,50,nM
CCCc1cccc(c1)C1=N[C@H](CO1)C(=O)NO,IC50,50,nM
COC(=O)N1C[C@H](NC(=O)[C@@H]2C[C@H](F)CN2)C[C@@H]1C(=O)NCc1ccc(C#CC#CC2CC2)cc1,IC50,50,nM
NC1CN(C(=O)N2C[C@H](NC(=O)[C@@H]3C[C@H](F)CN3)C[C@@H]2C(=O)NCc2ccc(C#CC#CC3CC3)cc2)C1,IC50,50,nM
CCCc1cccc(c1)C1=N[C@H](CO1)C(=O)NO,IC50,50,nM
CC(C)C(=O)N1C[C@H](NC(=O)[C@@H]2C[C@H](F)CN2)C[C@@H]1C(=O)NCc1ccc(C#CC#Cc2ccccc2)cc1,IC50,50,nM
CCCc1cc(cc(OC)c1OC)C1=NC(CO1)C(=O)NO,IC50,50,nM
O=C(NC[C@H]1C[C@@H](NC(=O)[C@@H]2C[C@H](F)CN2)CN1C(=O)C1CC1)c1ccc(C#Cc2ccc(CN3CCOCC3)cc2)cc1,IC50,50,nM
CNC(=O)N1C[C@H](NC(=O)[C@@H]2C[C@H](F)CN2)C[C@@H]1C(=O)NCc1ccc(C#Cc2ccc(CN3CCOCC3)cc2)cc1,IC50,50,nM
C[C@@H](O)[C@@H](N1Cc2cc(ccc2C1=O)-c1ccc(cc1)-c1ccccc1)C(=O)NO,IC50,50,nM
O=C(NC[C@H]1C[C@@H](NC(=O)[C@@H]2C[C@H](F)CN2)CN1C(=O)C1CC1)c1ccc(C#Cc2ccccc2)cc1,IC50,50,nM
O=C(N[C@@H]1C[C@H](C(=O)NCc2ccc(C#Cc3ccc(CN4CCOCC4)cc3)cc2)N(C(=O)OC2CC2)C1)[C@@H]1C[C@H](F)CN1,IC50,50,nM
CCCc1cc(cc(c1OC)OC)C2=N[C@H](CO2)C(=O)NO,KI,50,nM
CC(C)C(=O)N1C[C@H](NC(=O)[C@@H]2C[C@H](F)CN2)C[C@@H]1C(=O)NCc1ccc(C#Cc2ccc(CN3CCOCC3)cc2)cc1,IC50,50,nM
O=C(N[C@@H]1C[C@H](C(=O)NCc2ccc(C#Cc3ccc(CN4CCOCC4)cc3)cc2)N(C(=O)C2CC2)C1)[C@@H]1C[C@H](F)CN1,IC50,50,nM
CS(=O)(=O)N1C[C@H](NC(=O)[C@@H]2C[C@H](F)CN2)C[C@@H]1C(=O)NCc1ccc(C#Cc2ccc(CN3CCOCC3)cc2)cc1,IC50,50,nM
CC(C)C(=O)N1C[C@H](NC(=O)[C@@H]2C[C@H](F)CN2)C[C@@H]1C(=O)NCc1ccc(C#CC#CC2CC2)cc1,IC50,50,nM
CN(C)C(=O)N1C[C@H](NC(=O)[C@@H]2C[C@H](F)CN2)C[C@@H]1C(=O)NCc1ccc(C#Cc2ccc(CN3CCOCC3)cc2)cc1,IC50,50,nM
CCCC(N[C@@H]([C@@H](C)O)C(=O)NO)c1ccc(cc1)C#Cc1ccccc1,IC50,50,nM
CC(C)C(=O)N1C[C@H](NC(=O)[C@@H]2C[C@H](F)CN2)C[C@@H]1CNC(=O)c1ccc(C#Cc2ccc(CN3CCOCC3)cc2)cc1,IC50,50,nM
CC(C)C(=O)N1C[C@H](NC(=O)[C@@H]2C[C@@H](C#N)CN2)C[C@@H]1C(=O)NCc1ccc(C#Cc2ccc(CN3CCOCC3)cc2)cc1,IC50,50,nM
CC(C)C(=O)N1C[C@H](NC(=O)[C@H]2NCC[C@@H]2O)C[C@@H]1C(=O)NCc1ccc(C#CC#CC2CC2)cc1,IC50,50,nM
CC(C)C(=O)N1C[C@H](NC(=O)[C@H]2NCC[C@@H]2O)C[C@@H]1C(=O)NCc1ccc(C#Cc2ccc(CN3CCOCC3)cc2)cc1,IC50,50,nM
CC(C)C(=O)N1C[C@H](NC(=O)[C@@H]2C[C@@H](O)CN2)C[C@@H]1C(=O)NCc1ccc(C#CC#CC2CC2)cc1,IC50,50,nM
COC(=O)N1C[C@H](NC(=O)[C@@H]2C[C@H](F)CN2)C[C@@H]1C(=O)NCc1ccc(C#Cc2ccc(CN3CCOCC3)cc2)cc1,IC50,50,nM
O=C(NC[C@H]1C[C@@H](NC(=O)[C@@H]2C[C@H](F)CN2)CN1C(=O)C1CC1)c1ccc(C#Cc2ccc(CN3CCOCC3)cc2)c(F)c1,IC50,50,nM
CC(C)C(=O)N1C[C@H](NC(=O)[C@@H]2C[C@H](C#N)CN2)C[C@@H]1C(=O)NCc1ccc(C#CC#CC2CC2)cc1,IC50,50,nM
CCCc1cc(cc(c1OC)OC)C2=N[C@H](CO2)C(=O)NO,KI,50,nM
CC(C)C(=O)N1C[C@H](NC(=O)[C@@H]2C[C@H](C#N)CN2)C[C@@H]1C(=O)NCc1ccc(C#Cc2ccc(CN3CCOCC3)cc2)cc1,IC50,50,nM
C[C@H](O)c1nccn1Cc1cc(-c2ccc(C#Cc3cccc(OCC#N)c3)cc2)on1,IC50,50.8,nM
[H][C@@]1(CCc2cc(ccc12)C#Cc1ccc(CN2CC[C@@H](O)C2)cc1)N[C@@H]([C@@H](C)O)C(=O)NO,IC50,51,nM
C[C@](OCc1ccc(cc1)-c1ccccc1)([C@@H](O)c1ccccc1)C(=O)NO,IC50,51,nM
CC(O)c1nccn1CCCc1ccc(cc1)C#Cc1ccccc1,IC50,52,nM
CC(CCc1ccc(nc1O)-c1ccccc1)(C(=O)NO)S(C)(=O)=O,IC50,53,nM
[H][C@@]1(CCc2cc(ccc12)C#Cc1ccc(CN2CCN(C)CC2)cc1)N[C@@H]([C@@H](C)O)C(=O)NO,IC50,53,nM
COc1cccc(c1)-c1ccc(CC[C@](C)(C(=O)NO)S(C)(=O)=O)cc1,IC50,54,nM
C[C@H](O)c1nccn1Cc1cc(-c2ccc(C#Cc3ccc(S(N)(=O)=O)cc3)cc2)on1,IC50,54.7,nM
CNC(=O)[C@](C)(N(C)C(=O)c1ccc(\C=C\c2ccc(CN3CCOCC3)cc2)cc1)C(=O)NO,IC50,55,nM
C[C@@](CCn1ccc(nc1=O)-c1ccccc1)(C(=O)NO)S(C)(=O)=O,IC50,57,nM
C[C@@H](O)[C@H](NC(=O)c1ccc(cc1)C#Cc1ccc(CN2CCOCC2)cc1)C(=O)NO,IC50,58,nM
OCCCC#CC#Cc1ccc(cc1)N1C[C@H](OC1=O)C(=O)NO,IC50,58,nM
c1ccc(cc1)C#CC#Cc2ccc(cc2)C(=O)N[C@@H](CN)C(=O)NO,KD,58.6,nM
C[C@H](O)c1nccn1Cc1cc(-c2ccc(C#Cc3ccc(CN4CCOCC4)cc3)cn2)no1,IC50,58.6,nM
CCCC(N[C@@H]([C@@H](C)O)C(=O)NO)c1ccc(cc1)C#Cc1ccccc1,IC50,60,nM
C[C@@](CCn1ccc(cc1=O)-c1ccccn1)(C(=O)NO)S(C)(=O)=O,IC50,60,nM
C[C@H](O)c1nccn1Cc1cc(-c2ccc(C#Cc3ccc(OCCCN4CCOCC4)cc3)cc2)on1,IC50,61.2,nM
C[C@@H](O)[C@@H](NC(=O)N1CCN(CC1)c1ccc(cc1)C#Cc1cccnc1)C(=O)NO,IC50,63,nM
ON(CCCc1ccc(cc1)C#Cc1ccc(CN2CCOCC2)cc1)C=O,IC50,63,nM
[H][C@@]1(CCc2cc(ccc12)C#Cc1ccc(CN2CC(O)C2)cc1)N[C@@H]([C@@H](C)O)C(=O)NO,IC50,63,nM
ON(CCn1ncc2cc(ccc12)C#Cc1ccc(CN2CCOCC2)cc1)C=O,IC50,64,nM
C[C@H](O)c1nccn1Cc1cc(-c2ccc(C#Cc3ccc(N4CCN(C)CC4)cc3)cc2)on1,IC50,64.6,nM
C[C@H](O)c1nccn1Cc1cc(-c2ccc(C#Cc3ccc(OCCN4CCOCC4)cc3)cc2)on1,IC50,64.9,nM
C[C@H](O)c1nccn1Cc1cc(-c2ccc(C#Cc3cccc(C(N)=O)c3)cc2)on1,IC50,65.1,nM
OC[C@@H](OCC(=O)NO)c1ccc(cc1)C#Cc1ccccc1,KI,66,nM
C[C@@H](O)[C@H](NCc1ccc(cc1)C#Cc1ccccc1)C(=O)NO,IC50,67,nM
C[C@H](O)c1nccn1Cc1cc(-c2ccc(C#Cc3ccc(NC4CCOCC4)cc3)cc2)on1,IC50,67.9,nM
C[C@H](O)c1nccn1Cc1cc(-c2ccc(C#Cc3ccc(C(=O)N4CC(O)C4)cc3)cc2)on1,IC50,68.3,nM
C[C@H](O)c1nccn1Cc1cc(-c2ccc(C#Cc3ccccc3C(=O)O)cc2)on1,IC50,68.9,nM
CC(C)(C)c1ccn(CC[C@](C)(C(=O)NO)S(C)(=O)=O)c(=O)c1,IC50,69,nM
CC(=O)c1ccc(C#Cc2ccc(-c3cc(Cn4ccnc4[C@H](C)O)no3)cc2)cc1,IC50,71.7,nM
CC(C)[C@H](O)[C@](C)(OCc1ccc(cc1)-c1ccccc1)C(=O)NO,IC50,72,nM
C[C@@](CCn1ncc(cc1=O)-c1ccccc1)(C(=O)NO)S(C)(=O)=O,IC50,72,nM
C[C@@H](O)[C@H](NC(C)c1ccc(cc1)C#Cc1ccccc1)C(=O)NO,IC50,72,nM
C[C@H](O)c1nccn1Cc1cc(-c2ccc(C#Cc3ccc(N4CCOCC4)cc3)cc2)on1,IC50,72.3,nM
C[C@H](O)c1nccn1Cc1cc(-c2ccc(C#Cc3ccccc3)cc2)on1,IC50,73.1,nM
C[C@H](O)c1nccn1Cc4cc(c3ccc(C#Cc2ccc(CCCC(N)=O)nc2)cc3)on4,IC50,74.2,nM
C[C@@H](O)[C@H](NC(=O)c1ccc(cc1)-c1ccccc1)C(=O)NO,KD,74.5,nM
C[C@@H](CN)C(=O)N1C[C@H](NC(=O)[C@@H]2C[C@H](F)CN2)C[C@@H]1C(=O)NCc1ccc(C#CC#CC2CC2)cc1,IC50,75,nM
CC(C)C(=O)N1C[C@H](NC(=O)[C@@H]2C[C@@H](O)CN2)C[C@@H]1C(=O)NCc1ccc(C#Cc2ccc(CN3CCOCC3)cc2)cc1,IC50,75,nM
CNCc1ccc(cc1)C#Cc1ccc(cc1)C(CO)Cc1nc[nH]c(=O)c1O,IC50,75,nM
Oc1c(CC(CNCCF)c2ccc(cc2)C#Cc2cnn(c2)C2COC2)nc[nH]c1=O,IC50,75,nM
CC(C)C(=O)N1C[C@H](NC(=O)[C@@H]2CC(F)(F)CN2)C[C@@H]1C(=O)NCc1ccc(C#CC#CC2CC2)cc1,IC50,75,nM
CC(C)C(=O)N1C[C@H](NC(=O)[C@@H]2CC(F)(F)CN2)C[C@@H]1C(=O)NCc1ccc(C#Cc2ccc(CN3CCOCC3)cc2)cc1,IC50,75,nM
O=C(O)CN1C[C@H](NC(=O)[C@@H]2C[C@H](F)CN2)C[C@@H]1C(=O)NCc1ccc(C#CC#CC2CC2)cc1,IC50,75,nM
NCCC(=O)N1C[C@H](NC(=O)[C@@H]2C[C@H](F)CN2)C[C@@H]1C(=O)NCc1ccc(C#CC#CC2CC2)cc1,IC50,75,nM
CC(C)C(=O)N1C[C@H](NC(=O)[C@@H]2CCCN2)C[C@@H]1C(=O)NCc1ccc(C#Cc2ccc(CN3CCOCC3)cc2)cc1,IC50,75,nM
CC(C)C(=O)N1C[C@H](NC(=O)[C@@H]2C[C@H](F)CN2)C[C@@H]1C(=O)NCc1ccc(C#Cc2ccccc2)cc1,IC50,75,nM
CNCCC(=O)N1C[C@H](NC(=O)[C@@H]2C[C@H](F)CN2)C[C@@H]1C(=O)NCc1ccc(C#CC#CC2CC2)cc1,IC50,75,nM
N[C@H]1C[C@H](C(=O)N2C[C@H](NC(=O)[C@@H]3C[C@H](F)CN3)C[C@@H]2C(=O)NCc2ccc(C#CC#CC3CC3)cc2)C1,IC50,75,nM
Cc1cc(C#Cc2ccc(CN3CCOCC3)cc2)ccc1C(=O)NC[C@H]1C[C@@H](NC(=O)[C@@H]2C[C@H](F)CN2)CN1C(=O)C1CC1,IC50,75,nM
NCCCC(=O)N1C[C@H](NC(=O)[C@@H]2C[C@H](F)CN2)C[C@@H]1C(=O)NCc1ccc(C#CC#CC2CC2)cc1,IC50,75,nM
O=C(NC[C@H]1C[C@@H](NC(=O)[C@@H]2C[C@H](F)CN2)CN1C(=O)C1CC1)c1ccc(C#Cc2ccc(CN3CCOCC3)cc2)cc1Cl,IC50,75,nM
C[C@H](CN)C(=O)N1C[C@H](NC(=O)[C@@H]2C[C@H](F)CN2)C[C@@H]1C(=O)NCc1ccc(C#CC#CC2CC2)cc1,IC50,75,nM
C[C@H](O)c1nccn1Cc1cc(-c2ccc(C#Cc3ccc(C(C)(C)N4CCOCC4)cc3)cc2)on1,IC50,76.5,nM
N#Cc1ccc(C#Cc2ccc(-c3cc(Cn4ccnc4[C@H](C)O)no3)cc2)cn1,IC50,77.1,nM
CNC(=O)C(N(C)C(=O)c1ccc(cc1)C#C\C=C\c1ccc(CNC2CC2)cc1)C(=O)NO,IC50,78,nM
CNC(=O)[C@](C)(N(C)C(=O)c1ccc(cc1)C#Cc1ccc(CCN2CCOCC2)cc1)C(=O)NO,IC50,78,nM
C[C@H](O)c1nccn1Cc1cc(-c2ccc(C#Cc3ccc(Cn4ccnc4)cc3)cc2)on1,IC50,78.5,nM
CC(C)(NS(C)(=O)=O)[C@H](NC(=O)c1ccc(cc1)-c1cc2ccc(F)cc2o1)C(=O)NO,IC50,79,nM
CC(C)(NS(C)(=O)=O)[C@H](NC(=O)c1ccc(cc1)-c1cc2ccccc2o1)C(=O)NO,IC50,81,nM
CC#CCOc1ccc(cc1)C(=O)N[C@@H](C(=O)NO)C(C)(C)N,IC50,81.4,nM
Cc1cccc(C)c1-c1ccn(CC[C@](C)(C(=O)NO)S(C)(=O)=O)c(=O)c1,IC50,87,nM
CNC(=O)[C@](C)(N(C)C(=O)c1ccc(cc1)C#Cc1coc(CNC2CC2)c1)C(=O)NO,IC50,88,nM
C[C@@](CCc1ccc(cc1)-c1ccc(OP(O)(O)=O)cc1)(C(=O)NO)S(C)(=O)=O,IC50,88.1,nM
CCCC[C@H](O)[C@](C)(OCc1ccc(cc1)-c1ccccc1)C(=O)NO,IC50,90,nM
CC(O)c1nccn1Cc1ccc(cc1)C#Cc1ccccc1,IC50,93,nM
OC[C@@H](OCC(=O)NO)c1ccc(cc1)C#Cc1ccc(CN2CCOCC2)cc1,KI,95,nM
C[C@@H](O)[C@H](NC(C)c1ccc(cc1)C#Cc1ccccc1)C(=O)NO,IC50,96,nM
ONC(=O)C1(CCCCC1)NC(=O)c1ccc(cc1)C#Cc1ccccc1,IC50,98,nM
CCc1ccc(cc1)-c1ccc(cc1)C(=O)N[C@@H]([C@@H](C)Nc1cccnc1)C(=O)NO,IC50,98,nM
C[C@H](O)c1nccn1Cc1coc(-c2ccc(C#Cc3ccc(CN4CCC(O)CC4)cc3)cc2)n1,IC50,98.9,nM
Cc1ccn(CC[C@](C)(C(=O)NO)S(C)(=O)=O)c(=O)c1,IC50,100,nM
C[C@@](CCn1ccc(cc1=O)-c1cccnc1)(C(=O)NO)S(C)(=O)=O,IC50,100,nM
CCCc1cc(cc(O)c1OC)C1=NC(CO1)C(=O)NO,IC50,100,nM
CC(CCc1ncc(cn1)-c1ccccc1)(C(=O)NO)S(C)(=O)=O,IC50,100,nM
CNC(=O)C(N(C)C(=O)c1ccc(cc1)C#Cc1ccc(CNC2CC2)cc1)C(=O)NO,IC50,100,nM
CCCc1ccc(cc1)C1=N[C@H](CO1)C(=O)NO,IC50,100,nM
CC(C)(NS(C)(=O)=O)[C@H](NC(=O)c1ccc(cc1)-c1cc2cc(F)ccc2o1)C(=O)NO,IC50,100,nM
[H][C@@]12CN(CCCC(O)=O)C[C@]1([H])[C@H]2C#Cc1ccc(cc1)-c1cc(Cn2ccnc2[C@H](C)O)no1,IC50,101,nM
ONC(=O)C1(CCNCC1)NC(=O)c1ccc(cc1)C#Cc1ccccc1,IC50,102,nM
CC(C)Oc1ccc(CCC(C)(C(=O)NO)S(C)(=O)=O)cc1,IC50,105,nM
C[C@@H](O)[C@H](NC1CN(C)Cc2cc(ccc12)C#Cc1ccccc1)C(=O)NO,IC50,108,nM
NC[C@H](NC(=O)c1ccc(cc1)C#Cc1ccccc1)C(=O)NO,KD,108,nM
CCOC1CN(Cc2ccc(cc2)C#Cc2ccc(cc2)C(=O)N(C)[C@@](C)(C(=O)NC)C(=O)NO)C1,IC50,108,nM
C[C@@H](O)[C@H](NC1CCCCc2cc(ccc12)C#Cc1ccccc1)C(=O)NO,IC50,109,nM
CCOc1ccc(cc1)-c1ccc(cc1)C(=O)N(C)C(C(=O)NC)C(=O)NO,IC50,109,nM
CNC(=O)[C@](C)(N(C)C(=O)c1ccc(cc1)C#Cc1ccc(CN2CC(C2)OCCF)cc1)C(=O)NO,IC50,115,nM
C[C@@H](N)[C@H](NC(=O)[C@H]1CC[C@@H](CC1)C(C)(C)C)C(=O)NO,IC50,116,nM
CNC(=O)C(N(C)C(=O)c1ccc(cc1)C#Cc1ccc(CN2CCCOCC2)cc1)C(=O)NO,IC50,119,nM
ONC(=O)C1COC(=N1)c1ccc(OCC=C)c(OC(F)(F)F)c1,IC50,120,nM
CNC(=O)[C@](C)(N(C)C(=O)c1ccc(cc1)C#Cc1ccc(CNCCF)cc1)C(=O)NO,IC50,120,nM
CNC(=O)[C@](C)(N(C)C(=O)c1ccc(CCc2ccc(CN3CCOCC3)cc2)cc1)C(=O)NO,IC50,121,nM
CC(O)c1nccn1Cc1cc(on1)-c1ccccc1,IC50,125,nM
[H][C@@]1(CCc2cc(ccc12)C#Cc1ccc(CN2CC(O)C2)cc1)N[C@@H]([C@@H](C)O)C(=O)NO,IC50,127,nM
CNC(=O)[C@](C)(N(C)C(=O)c1ccc(cc1)C#Cc1ccc(CN2CCCOCC2)cc1)C(=O)NO,IC50,129,nM
ONC(=O)[C@@H]1CN(C(=O)O1)c1ccc(cc1)C#Cc1ccc(CN2CCOCC2)cc1,IC50,130,nM
C[C@@H](O)[C@@H](N1Cc2cc(ccc2C1=O)C#Cc1ccccc1)C(=O)NO,IC50,130,nM
CC(O)c1nccn1CCCc1ccc(cc1)-c1ccccc1,IC50,133,nM
C[C@@H](O)[C@@H](NC(=O)N1CCN(CC1)c1ccc(cc1)C#Cc1cnccn1)C(=O)NO,IC50,136,nM
OCCC#CC#Cc1ccc(cc1)N1C[C@H](OC1=O)C(=O)NO,IC50,140,nM
CC(C)(NS(C)(=O)=O)[C@H](NC(=O)c1ccc(cc1)-c1cc2ccc(O)cc2o1)C(=O)NO,IC50,140,nM
C[C@@H](O)[C@@H](NC(=O)N1CCC(C1)c1cccc(c1)C#Cc1ccccc1)C(=O)NO,IC50,146,nM
ONC(=O)CNC(=O)c1ccc(cc1)C#Cc1ccccc1,IC50,148,nM
CNC(=O)[C@](C)(N(C)C(=O)c1ccc(cc1)C#Cc1ccc(CNC2CC2)cc1)C(=O)NO,IC50,159,nM
CC(C)C[C@H](O)[C@](C)(OCc1ccc(cc1)-c1ccccc1)C(=O)NO,IC50,160,nM
COc1ccc(cc1OC(F)(F)F)C1=N[C@@H](CO1)C(=O)NO,IC50,160,nM
COc1ccc(cc1OC(F)(F)F)C1=NC(CO1)C(=O)NO,IC50,160,nM
CC(O)c1nccn1CCCc1ccc(cc1)C#Cc1ccccc1,IC50,161,nM
NC[C@@H](NC(=O)N1CCC(CC1)c1ccc(cc1)C#Cc1ccccc1)C(=O)NO,IC50,163,nM
ON(CCN1C(=O)Cc2cc(ccc12)C#Cc1ccc(CN2CCOCC2)cc1)C=O,IC50,170,nM
CNC(=O)[C@](C)(N(C)C(=O)c1ccc(cc1)C#Cc1ccc(CN2CC(C2)OC)cc1)C(=O)NO,IC50,177,nM
ONC(=O)C1(CCC1)NC(=O)c1ccc(cc1)C#Cc1ccccc1,IC50,178,nM
NC[C@H](NC(=O)c1ccc(cc1)-c1ccc(Br)cc1)C(=O)NO,KD,190,nM
[#6]\[#6](-[#6])=[#6]\[#6]-[#8]-c1ccc(cc1-[#8]C(F)(F)F)-[#6]-1=[#7]-[#6](-[#6]-[#8]-1)-[#6](=O)-[#7]-[#8],IC50,190,nM
CCc1ccc(cc1)C1=N[C@H](CO1)C(=O)NO,IC50,200,nM
C[C@@H](O)[C@H](C(=O)NO)n1[nH]c2cc(ccc2c1=O)C#Cc1ccccc1,IC50,200,nM
ONC(=O)[C@@H]1CN(C(=O)O1)c1ccc(cc1F)C#CC#CC1CC1,IC50,200,nM
ONC(=O)C1(CSc2ccc(cc2)C#Cc2ccc(CN3CCOCC3)cc2)CCOCC1,IC50,200,nM
C[C@@H](O)[C@@H](NC(=O)NCc1ccc(cc1)C#Cc1ccccc1)C(=O)NO,IC50,201,nM
OC[C@@H](NC(=O)c1ccc(cc1)C#Cc1ccccc1)C(=O)NO,IC50,206,nM
C[C@@H](O)[C@@H](NC(=O)N1CCC(CC1)C#Cc1ccccc1)C(=O)NO,IC50,207,nM
CCC(N[C@@H]([C@@H](C)O)C(=O)NO)c1ccc(cc1)C#Cc1ccccc1,IC50,214,nM
CCC(N[C@@H]([C@@H](C)O)C(=O)NO)c1ccc(cc1)C#Cc1ccccc1,IC50,215,nM
CC(C)(NC(=O)c1ccc(cc1)C#Cc1ccccc1)C(=O)NO,IC50,219,nM
CNC(=O)[C@](C)(N(C)C(=O)c1ccc(cc1)C#Cc1ccc(CN2CC(C)(C2)OC)cc1)C(=O)NO,IC50,235,nM
ONC(=O)[C@H]1COC(=N1)c1ccc(OCc2cccc(F)c2)c(c1)C(F)(F)F,IC50,250,nM
ONC(=O)C1COC(=N1)c1ccc(OCc2cccc(F)c2)c(OC(F)(F)F)c1,IC50,250,nM
ONC(=O)[C@H]1CN(C(=O)O1)c1ccc(cc1)C#Cc1ccc(CN2CCOCC2)cc1,IC50,260,nM
C[C@@H](N)[C@H](NC(=O)c1ccc(OC(C)(C)C)cc1)C(=O)NO,IC50,268,nM
Nc1cc(ccc1C#CC#CC1CC1)N1C[C@H](OC1=O)C(=O)NO,IC50,270,nM
ON(CCc1nnc2cc(ccn12)C#Cc1ccc(CN2CCOCC2)cc1)C=O,IC50,280,nM
CCCc1ccc(cc1)-c1ccc(cc1)C1=NC(CO1)C(=O)NO,IC50,280,nM
CC(CO)(NC(=O)c1ccc(cc1)-c1ccccc1)C(=O)NO,IC50,286,nM
ONC(=O)C1COC(=N1)c1[nH]c2ccc(F)cc2c1Cl,IC50,300,nM
COc1cc(cc(OC)c1OC)C1=N[C@H](CO1)C(=O)NO,IC50,300,nM
CCCc1cc(ccc1OC)C1=NC(CO1)C(=O)NO,IC50,300,nM
COc1ccc(cc1)C1=N[C@H](CO1)C(=O)NO,IC50,300,nM
C[C@@H](O)[C@H](NC(=O)c1ccc(cc1)C#Cc1ccc(CN2CCOCC2)cc1)C(=O)NO,IC50,310,nM
CC(C)(OCc1ccc(cc1)-c1ccccc1)C(=O)NO,IC50,311,nM
C[C@@H](O)[C@H](NC1CCCCc2cc(ccc12)C#Cc1ccccc1)C(=O)NO,IC50,333,nM
C[C@@H](N)[C@H](NC(=O)COc1ccc(cc1)N1CCCC1=O)C(=O)NO,IC50,342,nM
ONC(=O)C1COC(=N1)c1ccc(OCCC=C)c(OC(F)(F)F)c1,IC50,350,nM
c1cc(ccc1CN2CCOCC2)C#Cc3ccc(cc3)OCC4(CCOCC4)C(=O)NO,KI,352,nM
OC[C@H](O[C@H](CO)c1ccc(cc1)C#Cc1ccc(CN2CCOCC2)cc1)C(=O)NO,KI,358,nM
CC#CCOc1ccc(cc1)C(=O)N[C@@H]([C@H](N)C1CC1)C(=O)NO,IC50,362,nM
C[C@@H](O)[C@@H](NC(=O)N1CCCC(C1)c1ccc(cc1)C#Cc1ccccc1)C(=O)NO,IC50,387,nM
CC(CO)(COc1ccc(cc1)-c1ccccc1)C(=O)NO,IC50,390,nM
NC[C@H](NC(=O)c1ccc(cc1)-c1ccccc1)C(=O)NO,KD,393,nM
CC(C)(NS(C)(=O)=O)[C@H](NC(=O)c1ccc(cc1)-c1nc2ccccc2o1)C(=O)NO,IC50,410,nM
Cc1ccc(cc1)-c1ccc(cc1)C(=O)N[C@H](C(=O)NO)C(C)(C)NS(C)(=O)=O,IC50,420,nM
OC[C@@H](OCC(=O)NO)c1ccc(cc1)C#Cc1ccccc1,IC50,480,nM
CC(C)C(=O)N1C[C@H](NC(=O)[C@@H]2C[C@H](F)CN2)C[C@@H]1C(=O)NCc1ccc(C#Cc2ccc(CN3CCOCC3)cc2)cc1,IC50,500,nM
O=C(N[C@@H]1C[C@H](C(=O)NCc2ccc(C#Cc3ccc(CN4CCOCC4)cc3)cc2)N(C(=O)C2CC2)C1)[C@@H]1C[C@H](F)CN1,IC50,500,nM
CS(=O)(=O)N1C[C@H](NC(=O)[C@@H]2C[C@H](F)CN2)C[C@@H]1C(=O)NCc1ccc(C#Cc2ccc(CN3CCOCC3)cc2)cc1,IC50,500,nM
CC(C)C(=O)N1C[C@H](NC(=O)[C@@H]2C[C@@H](O)CN2)C[C@@H]1C(=O)NCc1ccc(C#Cc2ccc(CN3CCOCC3)cc2)cc1,IC50,500,nM
O=C(O)CN1C[C@H](NC(=O)[C@@H]2C[C@H](F)CN2)C[C@@H]1C(=O)NCc1ccc(C#CC#CC2CC2)cc1,IC50,500,nM
CC(C)C(=O)N1C[C@H](NC(=O)[C@@H]2C[C@H](F)CN2)C[C@@H]1CNC(=O)c1ccc(C#Cc2ccc(CN3CCOCC3)cc2)cc1,IC50,500,nM
CCCc1cc(cc(OC(F)(F)F)c1OC)C1=NC(CO1)C(=O)NO,IC50,500,nM
O=C(NC[C@H]1C[C@@H](NC(=O)[C@@H]2C[C@H](F)CN2)CN1C(=O)C1CC1)c1ccc(C#Cc2ccc(CN3CCOCC3)cc2)cc1,IC50,500,nM
CC(C)C(=O)N1C[C@H](NC(=O)[C@@H]2C[C@@H](O)CN2)C[C@@H]1C(=O)NCc1ccc(C#CC#CC2CC2)cc1,IC50,500,nM
CNC(=O)N1C[C@H](NC(=O)[C@@H]2C[C@H](F)CN2)C[C@@H]1C(=O)NCc1ccc(C#Cc2ccc(CN3CCOCC3)cc2)cc1,IC50,500,nM
COC(=O)N1C[C@H](NC(=O)[C@@H]2C[C@H](F)CN2)C[C@@H]1C(=O)NCc1ccc(C#Cc2ccc(CN3CCOCC3)cc2)cc1,IC50,500,nM
CC1(CC(=O)N2CCN(CC2)c2ccc(cc2)C#Cc2ccccc2)NC(=O)NC1=O,IC50,500,nM
O=C(NC[C@H]1C[C@@H](NC(=O)[C@@H]2C[C@H](F)CN2)CN1C(=O)C1CC1)c1ccc(C#Cc2ccc(CN3CCOCC3)cc2)c(F)c1,IC50,500,nM
Cc1cc(C#Cc2ccc(CN3CCOCC3)cc2)ccc1C(=O)NC[C@H]1C[C@@H](NC(=O)[C@@H]2C[C@H](F)CN2)CN1C(=O)C1CC1,IC50,500,nM
O=C(NC[C@H]1C[C@@H](NC(=O)[C@@H]2C[C@H](F)CN2)CN1C(=O)C1CC1)c1ccc(C#Cc2ccccc2)cc1,IC50,500,nM
CCCc1cc(cc(OC(F)(F)F)c1OC)C1=N[C@H](CO1)C(=O)NO,IC50,500,nM
O=C(NC[C@H]1C[C@@H](NC(=O)[C@@H]2C[C@H](F)CN2)CN1C(=O)C1CC1)c1ccc(C#Cc2ccc(CN3CCOCC3)cc2)cc1Cl,IC50,500,nM
CC(C)C(=O)N1C[C@H](NC(=O)[C@@H]2C[C@H](C#N)CN2)C[C@@H]1C(=O)NCc1ccc(C#Cc2ccc(CN3CCOCC3)cc2)cc1,IC50,500,nM
O=C(N[C@@H]1C[C@H](C(=O)NCc2ccc(C#Cc3ccc(CN4CCOCC4)cc3)cc2)N(C(=O)OC2CC2)C1)[C@@H]1C[C@H](F)CN1,IC50,500,nM
ONC(=O)[C@@H]1CN(C(=O)CO1)c1ccc(cc1)C#Cc1ccc(CN2CCOCC2)cc1,IC50,510,nM
CCCCC(N[C@@H]([C@@H](C)O)C(=O)NO)c1ccc(cc1)C#Cc1ccccc1,IC50,534,nM
CC(O)c1nccn1Cc1ccc(cc1)-c1ccccc1,IC50,546,nM
CC(C)C(=O)N1C[C@H](NC(=O)[C@@H]2C[C@H](O)CN2)C[C@@H]1C(=O)NCc1ccc(C#CC#CC2CC2)cc1,IC50,550,nM
CC(C)C(=O)N1C[C@H](NC(=O)[C@@H]2C[C@H](O)CN2)C[C@@H]1C(=O)NCc1ccc(C#Cc2ccc(CN3CCOCC3)cc2)cc1,IC50,550,nM
NCc1ccc(cc1)C#Cc1ccc(cc1)C(CO)Cc1nc[nH]c(=O)c1O,IC50,550,nM
OCC(Cc1nc[nH]c(=O)c1O)c1ccc(cc1)C#Cc1ccc(CN[C@@H]2CCNC2)cc1,IC50,550,nM
CC(C)C(=O)N1C[C@H](NC(=O)[C@H]2NCC[C@H]2O)C[C@@H]1C(=O)NCc1ccc(C#CC#CC2CC2)cc1,IC50,550,nM
CC(C)C(=O)N1C[C@H](NC(=O)[C@H]2NCC[C@H]2O)C[C@@H]1C(=O)NCc1ccc(C#Cc2ccc(CN3CCOCC3)cc2)cc1,IC50,550,nM
CC(C)C(=O)N1C[C@H](NC(=O)[C@@H]2CCCN2)C[C@@H]1C(=O)NCc1ccc(C#CC#CC2CC2)cc1,IC50,550,nM
CS(=O)(=O)N[C@H](Cc1nc[nH]c(=O)c1O)c1ccc(cc1)-c1ccccc1,IC50,550,nM
CC(C)C(=O)N1C[C@H](NC(=O)[C@@H]2CCCN2)C[C@@H]1C(=O)NCc1ccc(C#Cc2ccccc2)cc1,IC50,550,nM
O=C(N[C@@H]1C[C@H](C(=O)NCc2ccc(C#CC#CC3CC3)cc2)N(C(=O)C2CCNCC2)C1)[C@@H]1C[C@H](F)CN1,IC50,550,nM
CC(C)C(=O)N1C[C@H](NC(=O)[C@@H]2C[C@H](F)CN2)C[C@@H]1C(=O)NCc1ccc(C#CC2CC2)cc1,IC50,550,nM
Oc1c(CC(C(=O)NCCF)c2ccc(cc2)C#Cc2ccc(CN3CCOCC3)cc2)nc[nH]c1=O,IC50,550,nM
CC(C)C(=O)N1C[C@H](NC(=O)[C@@H]2C[C@@H](F)CN2)C[C@@H]1C(=O)NCc1ccc(C#Cc2ccccc2)cc1,IC50,550,nM
COCCN1C[C@H](NC(=O)[C@@H]2C[C@H](F)CN2)C[C@@H]1C(=O)NCc1ccc(C#CC#CC2CC2)cc1,IC50,550,nM
Cn1cc(cn1)C#Cc1ccc(cc1)C(N)Cc1nc[nH]c(=O)c1O,IC50,550,nM
OCC(Cc1nc[nH]c(=O)c1O)N1Cc2cc(cn2C1=O)-c1ccc(CCN2CCOCC2)cc1,IC50,550,nM
CC(C)C(=O)N1C[C@H](NC(=O)[C@@H]2CC(F)(F)CN2)C[C@@H]1C(=O)NCc1ccc(C#Cc2ccccc2)cc1,IC50,550,nM
Oc1c(CC(CNCCF)c2ccc(cc2)C#Cc2cnn(c2)C2CCOCC2)nc[nH]c1=O,IC50,550,nM
CC(C)C(=O)N1C[C@H](NC(=O)[C@@H]2C[C@@H](F)CN2)C[C@@H]1C(=O)NCc1ccc(C#CC#CC2CC2)cc1,IC50,550,nM
O=C(N[C@@H]1C[C@H](C(=O)NCc2ccc(C#CC#CC3CC3)cc2)N(CCO)C1)[C@@H]1C[C@H](F)CN1,IC50,550,nM
Oc1c(CC(CNCCF)c2ccc(cc2)C#Cc2cnn(CC3CCOCC3)c2)nc[nH]c1=O,IC50,550,nM
CC(C)C(=O)N1C[C@H](NC(=O)[C@@H]2C[C@@H](F)CN2)C[C@@H]1C(=O)NCc1ccc(C#Cc2ccc(CN3CCOCC3)cc2)cc1,IC50,550,nM
CS(=O)(=O)CCN1C[C@H](NC(=O)[C@@H]2C[C@H](F)CN2)C[C@@H]1C(=O)NCc1ccc(C#CC#CC2CC2)cc1,IC50,550,nM
O=C(O)CCN1C[C@H](NC(=O)[C@@H]2C[C@H](F)CN2)C[C@@H]1C(=O)NCc1ccc(C#CC#CC2CC2)cc1,IC50,550,nM
OC(=O)C(Cc1nc[nH]c(=O)c1O)N1Cc2cc(cn2C1=O)-c1ccc(CCN2CCOCC2)cc1,IC50,550,nM
CO[C@@H]1CCN(Cc2ccc(cc2)C#Cc2ccc(cc2)C(CNCC(C)F)Cc2nc[nH]c(=O)c2O)C1,IC50,550,nM
OCC(Cc1nc[nH]c(=O)c1O)c1ccc(cc1)C#Cc1ccc(CNC2CCS(=N)(=O)CC2)cc1,IC50,550,nM
NC[C@@H]1CCCN1Cc1ccc(cc1)C#Cc1ccc(cc1)C(CO)Cc1nc[nH]c(=O)c1O,IC50,550,nM
ONC(=O)C1COC(=N1)c1ccc(COc2cccc(c2)[N+]([O-])=O)cc1,IC50,560,nM
ONC(=O)[C@H]1COC(=N1)c1ccc(COc2cccc(c2)N(=O)=O)cc1,IC50,560,nM
CC(O)c1nccn1Cc1ccc(cc1)C#Cc1ccccc1,IC50,568,nM
CCc1ccc(cc1)C1=N[C@H](CO1)C(=O)NO,IC50,600,nM
CC1(CC(=O)N2CCC(CC2)c2ccc(cc2)C#Cc2ccccc2)NC(=O)NC1=O,IC50,600,nM
CCCCC(N[C@@H]([C@@H](C)O)C(=O)NO)c1ccc(cc1)C#Cc1ccccc1,IC50,616,nM
CCCCCCCCCCCCCC(=O)O[C@@H]1[C@@H](CC(=O)NO)CO[C@H](CO)[C@H]1O,KI,650,nM
CCCCCCCCCCCCCC(=O)O[C@@H]1[C@@H](CC(=O)NO)CO[C@H](CO)[C@H]1O,KI,650,nM
N[C@H](CO)C(=O)N1CCC(Cc2ccc(cc2)-c2ccccc2)CC1,IC50,660,nM
OC[C@@H](OCC(=O)NO)c1ccc(cc1)C#Cc1ccc(CN2CCOCC2)cc1,IC50,690,nM
ONC(=O)[C@@H]1CN(C(=O)N1)c1ccc(cc1)C#Cc1ccc(CN2CCOCC2)cc1,IC50,700,nM
CCC1(CC(=O)N2CCC(CC2)c2ccc(cc2)C#Cc2ccccc2)NC(=O)NC1=O,IC50,700,nM
CC(O)c1nccn1CCCc1ccc(Cl)cc1,IC50,809,nM
ONC(=O)C1COC(=N1)c1ccc(OCc2cccc(c2)C(F)(F)F)c(F)c1,IC50,840,nM
CC(O)c1nccn1Cc1cc(on1)-c1ccccc1,IC50,884,nM
CC#CCOc1ccc(cc1)C(=O)N[C@@H]([C@H](N)C(C)C)C(=O)NO,IC50,899,nM
CCCc1cc(ccc1F)C1=NC(CO1)C(=O)NO,IC50,960,nM
C[C@@H](O)[C@@H](N1Cc2cc(ccc2C1=O)C#Cc1cccc(c1)-c1ccccc1)C(=O)NO,IC50,971,nM
CCOc1cc(ccc1F)C1=NC(CO1)C(=O)NO,IC50,1.00E+3,nM
ON(CCn1ccc2cc(ncc12)C#Cc1ccc(CN2CCOCC2)cc1)C=O,IC50,1.00E+3,nM
ON(CCn1ccc2nc(ccc12)C#Cc1ccc(CN2CCOCC2)cc1)C=O,IC50,1.00E+3,nM
CCOc1cc(ccc1F)C1=N[C@H](CO1)C(=O)NO,IC50,1.00E+3,nM
ONC(=O)c1ccc(=O)n(c1)-c1ccc(cc1)C#Cc1ccc(CN2CCOCC2)cc1,IC50,1.00E+3,nM
ONC(=O)[C@@H]1COC(=N1)c1ccc(OCc2cccc(c2)N(=O)=O)cc1,IC50,1.00E+3,nM
COCCN(C(=O)[C@@H]1C[C@H](F)CN1)[C@@H]1C[C@H](C(=O)NCc2ccc(C#Cc3ccc(CN4CCOCC4)cc3)cc2)N(C(=O)C2CC2)C1,IC50,1.00E+3,nM
CS[C@@H](Cn1nnc2cc(ccc12)C#Cc1ccc(cc1)N1C[C@H](O)[C@@H](O)C1)N(O)C=O,IC50,1.00E+3,nM
CS[C@@H](Cn1nnc2cc(ccc12)C#Cc1ccc(cc1)N1CC2(C1)C[S+]([O-])C2)N(O)C=O,IC50,1.00E+3,nM
CS[C@@H](Cn1nnc2cc(ccc12)C#Cc1ccc(cc1)N1CC2(COC2)C1)N(O)C=O,IC50,1.00E+3,nM
ONC(=O)C1COC(=N1)c1ccc(OCc2cccc(c2)[N+]([O-])=O)cc1,IC50,1.00E+3,nM
CS[C@@H](Cn1nnc2cc(ccc12)C#Cc1ccc(cc1)-n1ccnc1CO)N(O)C=O,IC50,1.00E+3,nM
CS[C@@H](Cn1nnc2cc(ccc12)C#Cc1ccc(CN2CCOCC2)cc1)N(O)C=O,IC50,1.00E+3,nM
ONC(=O)[C@H]1COC(=N1)c1ccc(F)c(c1)C(F)(F)F,KD,1.03E+3,nM
ON(CCn1cnc2cc(ccc12)C#Cc1ccc(CN2CCOCC2)cc1)C=O,IC50,1.10E+3,nM
Cc1cccc(c1)C1=NC(CO1)C(=O)NO,IC50,1.10E+3,nM
CC(C)(NS(C)(=O)=O)[C@H](NC(=O)c1ccc(cc1)-c1ccccc1)C(=O)NO,IC50,1.20E+3,nM
Cc1cc(ccc1F)C1=NC(CO1)C(=O)NO,IC50,1.20E+3,nM
Cc1cc(ccc1F)C1=N[C@H](CO1)C(=O)NO,IC50,1.20E+3,nM
C[C@@H](O)[C@@H](NC(=O)NCCc1ccc(cc1)C#Cc1ccccc1)C(=O)NO,IC50,1.27E+3,nM
ONC(=O)C1COC(=N1)c1ccc(F)c(c1)C(F)(F)F,IC50,1.30E+3,nM
CSC(Cn1nnc2cc(ccc12)C#Cc1ccc(CN2CCOCC2)cc1)N(O)C=O,IC50,1.30E+3,nM
COc1ccc(cc1)C1=N[C@H](CO1)C(=O)NO,IC50,1.40E+3,nM
CC(C)(NS(C)(=O)=O)[C@H](NC(=O)c1ccc(cc1)-c1cc2ccncc2o1)C(=O)NO,IC50,1.40E+3,nM
C[C@@H](O)c1nccn1Cc1cc(on1)C#Cc1ccc(CCCO)cc1,IC50,1.40E+3,nM
CCCc1cc(cc(OC)c1O)C1=NC(CO1)C(=O)NO,IC50,1.40E+3,nM
ONC(=O)C1COC(=N1)c1ccc(OCC=C)c(F)c1,IC50,1.40E+3,nM
ONC(=O)COCc1ccc(cc1)C#Cc1ccc(CN2CCOCC2)cc1,KI,1.45E+3,nM
CC(C)C(=O)N1C[C@H](NC(=O)[C@@H]2CC(F)(F)CN2)C[C@@H]1C(=O)NCc1ccc(C#Cc2ccccc2)cc1,IC50,1.50E+3,nM
C[C@@H](CN)C(=O)N1C[C@H](NC(=O)[C@@H]2C[C@H](F)CN2)C[C@@H]1C(=O)NCc1ccc(C#CC#CC2CC2)cc1,IC50,1.50E+3,nM
CC(C)C(=O)N1C[C@H](NC(=O)[C@@H]2C[C@H](F)CN2)C[C@@H]1C(=O)NCc1ccc(C#CC#CC2CC2)cc1,IC50,1.50E+3,nM
COC(=O)N1C[C@H](NC(=O)[C@@H]2C[C@H](F)CN2)C[C@@H]1C(=O)NCc1ccc(C#CC#CC2CC2)cc1,IC50,1.50E+3,nM
CN(C)C(=O)N1C[C@H](NC(=O)[C@@H]2C[C@H](F)CN2)C[C@@H]1C(=O)NCc1ccc(C#Cc2ccc(CN3CCOCC3)cc2)cc1,IC50,1.50E+3,nM
NC1CN(C(=O)N2C[C@H](NC(=O)[C@@H]3C[C@H](F)CN3)C[C@@H]2C(=O)NCc2ccc(C#CC#CC3CC3)cc2)C1,IC50,1.50E+3,nM
CS(=O)(=O)CCN1C[C@H](NC(=O)[C@@H]2C[C@H](F)CN2)C[C@@H]1C(=O)NCc1ccc(C#CC#CC2CC2)cc1,IC50,1.50E+3,nM
CC(C)C(=O)N1C[C@H](NC(=O)[C@@H]2CC(F)(F)CN2)C[C@@H]1C(=O)NCc1ccc(C#CC#CC2CC2)cc1,IC50,1.50E+3,nM
Cc1ccc(cc1)-c1ccc(cn1)C(=O)N[C@H](C(=O)NO)C(C)(C)NS(C)(=O)=O,IC50,1.50E+3,nM
CC(C)C(=O)N1C[C@H](NC(=O)[C@@H]2CC(F)(F)CN2)C[C@@H]1C(=O)NCc1ccc(C#Cc2ccc(CN3CCOCC3)cc2)cc1,IC50,1.50E+3,nM
ONC(=O)[C@H]1COC(=N1)c1cc2cc(F)ccc2[nH]1,KD,1.50E+3,nM
CC(C)C(=O)N1C[C@H](NC(=O)[C@@H]2C[C@@H](C#N)CN2)C[C@@H]1C(=O)NCc1ccc(C#Cc2ccc(CN3CCOCC3)cc2)cc1,IC50,1.50E+3,nM
CC(C)C(=O)N1C[C@H](NC(=O)[C@@H]2CCCN2)C[C@@H]1C(=O)NCc1ccc(C#CC#CC2CC2)cc1,IC50,1.50E+3,nM
CC(C)C(=O)N1C[C@H](NC(=O)[C@H]2NCC[C@@H]2O)C[C@@H]1C(=O)NCc1ccc(C#CC#CC2CC2)cc1,IC50,1.50E+3,nM
CC(C)C(=O)N1C[C@H](NC(=O)[C@@H]2C[C@H](F)CN2)C[C@@H]1C(=O)NCc1ccc(C#CC#Cc2ccccc2)cc1,IC50,1.50E+3,nM
CC(C)C(=O)N1C[C@H](NC(=O)[C@@H]2CCCN2)C[C@@H]1C(=O)NCc1ccc(C#Cc2ccc(CN3CCOCC3)cc2)cc1,IC50,1.50E+3,nM
CC(C)C(=O)N1C[C@H](NC(=O)[C@H]2NCC[C@@H]2O)C[C@@H]1C(=O)NCc1ccc(C#Cc2ccc(CN3CCOCC3)cc2)cc1,IC50,1.50E+3,nM
ONC(=O)[C@H]1COC(=N1)c1ccccc1,IC50,1.50E+3,nM
ONC(=O)[C@H]1COC(=N1)c1ccccc1,IC50,1.50E+3,nM
CC(C)C(=O)N1C[C@H](NC(=O)[C@@H]2C[C@H](F)CN2)C[C@@H]1C(=O)NCc1ccc(C#Cc2ccccc2)cc1,IC50,1.50E+3,nM
N[C@H]1C[C@H](C(=O)N2C[C@H](NC(=O)[C@@H]3C[C@H](F)CN3)C[C@@H]2C(=O)NCc2ccc(C#CC#CC3CC3)cc2)C1,IC50,1.50E+3,nM
CC(C)C(=O)N1C[C@H](NC(=O)[C@@H]2C[C@H](C#N)CN2)C[C@@H]1C(=O)NCc1ccc(C#CC#CC2CC2)cc1,IC50,1.50E+3,nM
C[C@H](CN)C(=O)N1C[C@H](NC(=O)[C@@H]2C[C@H](F)CN2)C[C@@H]1C(=O)NCc1ccc(C#CC#CC2CC2)cc1,IC50,1.50E+3,nM
CC(F)(F)Oc1ccc(cc1)C(=O)NC(CO)C(=O)NO,IC50,1.54E+3,nM
ONC(=O)C1COC(=N1)c1cc2cc(F)ccc2[nH]1,IC50,1.60E+3,nM
C[C@@H](N)[C@H](NC(=O)c1ccc(cc1)N1CCOCC1)C(=O)NO,IC50,1.64E+3,nM
ONC(=O)C1(COc2ccc(cc2)C#Cc2ccc(CN3CCN(CC(=O)N4CCOCC4)CC3)cc2)CCOCC1,IC50,1.70E+3,nM
Cc1ccc(cc1)C1=NC(CO1)C(=O)NO,IC50,1.70E+3,nM
CC(O)c1nccn1CCc1ccc(cc1)C#Cc1ccccc1,IC50,1.76E+3,nM
COc1cc(ccc1N1C[C@H](OC1=O)C(=O)NO)C#CC#CC1CC1,IC50,2.00E+3,nM
ONC(=O)C1(COc2ccc(cc2)C#Cc2ccc(CN3CCN(CCn4ccnc4)CC3)cc2)CCOCC1,IC50,2.00E+3,nM
ONC(=O)C1COC(=N1)c1ccc(OCC=C)c(c1)C(F)(F)F,IC50,2.20E+3,nM
ONC(=O)[C@H]1COC(=N1)c1ccc(OCC=C)c(c1)C(F)(F)F,IC50,2.20E+3,nM
CC(O)c1nccn1CCc1ccc(cc1)C#Cc1ccccc1,IC50,2.40E+3,nM
CCC(Cn1nnc2cc(ccc12)C#Cc1ccc(CN2CCOCC2)cc1)N(O)C=O,IC50,2.40E+3,nM
ONC(=O)C1COC(=N1)c1cccc(c1)C(F)(F)F,IC50,2.50E+3,nM
C[C@H]1CN(Cc2ccc(cc2)C#Cc2ccc(OCC3(CCOCC3)C(=O)NO)cc2)C[C@@H](C)O1,IC50,2.60E+3,nM
OC[C@H](O[C@H](CO)c1ccc(cc1)C#Cc1ccc(CN2CCOCC2)cc1)C(=O)NO,IC50,2.60E+3,nM
OC[C@H](O[C@H](CO)c1ccc(cc1)C#Cc1ccc(CN2CCOCC2)cc1)C(=O)NO,IC50,2.60E+3,nM
Cc1ccccc1C1=NC(CO1)C(=O)NO,IC50,2.60E+3,nM
ONC(=O)C1COC(=N1)c1ccc(Br)cc1,IC50,2.70E+3,nM
ONC(=O)C1(COc2ccc(cc2)C#Cc2ccc(CN3CCN(CCN4CCOCC4)CC3)cc2)CCOCC1,IC50,2.70E+3,nM
ONC(=O)c1csc(n1)-c1ccc(F)c(c1)C(F)(F)F,KD,2.91E+3,nM
ONC(=O)C1COC(=N1)c1ccccc1,IC50,3.00E+3,nM
ONC(=O)C1COC(=N1)c1ccccc1,IC50,3.00E+3,nM
CC(=O)N1CCN(Cc2ccc(cc2)C#Cc2ccc(OCC3(CCOCC3)C(=O)NO)cc2)CC1,IC50,3.00E+3,nM
COc1ccc(cc1)C1=N[C@H](CO1)C(=O)NO,IC50,3.00E+3,nM
ONC(=O)C1(C[S+]([O-])c2ccc(cc2)C#Cc2ccc(CN3CCOCC3)cc2)CCOCC1,IC50,3.10E+3,nM
COc1c(F)cc(C2=NC(CO2)C(=O)NO)c(C)c1CC=C,IC50,3.30E+3,nM
ONC(=O)C1(CCN(Cc2ccccc2)CC1)NC(=O)c1ccc(cc1)C#Cc1ccccc1,IC50,3.43E+3,nM
ONC(=O)[C@H]1COC(=N1)c1ccc(OC(F)(F)F)c(Cl)c1,KD,3.80E+3,nM
OCC(NC(=O)c1ccc(OCCC=C)cc1)C(=O)NO,IC50,3.90E+3,nM
CC(O)c1nccn1Cc1ccc(cc1)-c1ccccc1,IC50,3.94E+3,nM
C[C@@H](O)[C@@H](NC(=O)N1CCC(CC1)c1ccccc1)C(=O)NO,IC50,3.95E+3,nM
COc1ccc(cc1)-c1cc(on1)P(O)(O)O,IC50,4.00E+3,nM
COc1ccc(cc1)-c1cc(on1)P(O)(O)O,IC50,4.00E+3,nM
COc1ccc(cc1)C1=NO[C@H](C1)C(=O)NO,IC50,4.37E+3,nM
OC[C@H](OCC(=O)NO)c1ccc(cc1)C#Cc1ccccc1,KI,4.40E+3,nM
c1cc(ccc1CN2CCOCC2)C#Cc3ccc(cc3)OCC4(CCOCC4)C(=O)NO,IC50,4.40E+3,nM
N[C@H](CO)C(=O)N1CCC(Cc2ccc(CCc3ccccc3)cc2)CC1,IC50,4.53E+3,nM
CN(C)c1ccc(cc1)C1=NC(CO1)C(=O)NO,IC50,4.90E+3,nM
CN(C)c1ccc(cc1)C1=N[C@H](CO1)C(=O)NO,IC50,4.90E+3,nM
ONC(=O)C1COC(=N1)c1ccc(F)c(Br)c1,IC50,4.90E+3,nM
ONC(=O)C1COC(=N1)c1ccc(OC(F)(F)F)cc1,IC50,5.00E+3,nM
ONC(=O)C1COC(=N1)c1ccc(cc1)[N+]([O-])=O,IC50,5.40E+3,nM
CCSC(Cn1nnc2cc(ccc12)C#Cc1ccc(CN2CCOCC2)cc1)N(O)C=O,IC50,5.40E+3,nM
ONC(=O)C1COC(=N1)c1ccc(I)cc1,IC50,5.50E+3,nM
ONC(=O)[C@H]1COC(=N1)c1n[nH]c2ccccc12,IC50,5.50E+3,nM
ONC(=O)C1COC(=N1)c1[nH]nc2ccccc12,IC50,5.50E+3,nM
ONC(=O)C1COC(=N1)c1ccc(OCCC=C)cc1,IC50,5.60E+3,nM
c1cc(cc(c1)OC(F)(F)F)NC(=O)[C@@H](CC(=O)O)N,IC50,5.69E+3,nM
CN(C)CC1CN(Cc2ccc(cc2)C#Cc2ccc(OCC3(CCOCC3)C(=O)NO)cc2)CCO1,IC50,5.80E+3,nM
ONC(=O)C1COC(=N1)c1cccc(OC(F)(F)F)c1,IC50,6.00E+3,nM
ONC(=O)C1COC(=N1)c1ccc(F)cc1,IC50,6.00E+3,nM
CN1CCN(Cc2ccc(cc2)C#Cc2ccc(OCC3(CCOCC3)C(=O)NO)cc2)CC1,IC50,6.10E+3,nM
CC(C)C(=O)N1C[C@H](NC(=O)[C@@H]2C[C@H](O)CN2)C[C@@H]1C(=O)NCc1ccc(C#CC#CC2CC2)cc1,IC50,6.25E+3,nM
COCCN1C[C@H](NC(=O)[C@@H]2C[C@H](F)CN2)C[C@@H]1C(=O)NCc1ccc(C#CC#CC2CC2)cc1,IC50,6.25E+3,nM
CC(C)C(=O)N1C[C@H](NC(=O)[C@@H]2C[C@H](O)CN2)C[C@@H]1C(=O)NCc1ccc(C#Cc2ccc(CN3CCOCC3)cc2)cc1,IC50,6.25E+3,nM
CC(C)C(=O)N1C[C@H](NC(=O)[C@@H]2C[C@@H](F)CN2)C[C@@H]1C(=O)NCc1ccc(C#CC#CC2CC2)cc1,IC50,6.25E+3,nM
O=C(N[C@@H]1C[C@H](C(=O)NCc2ccc(C#CC#CC3CC3)cc2)N(CCO)C1)[C@@H]1C[C@H](F)CN1,IC50,6.25E+3,nM
CC(C)C(=O)N1C[C@H](NC(=O)[C@@H]2C[C@@H](F)CN2)C[C@@H]1C(=O)NCc1ccc(C#Cc2ccc(CN3CCOCC3)cc2)cc1,IC50,6.25E+3,nM
O=C(O)CCN1C[C@H](NC(=O)[C@@H]2C[C@H](F)CN2)C[C@@H]1C(=O)NCc1ccc(C#CC#CC2CC2)cc1,IC50,6.25E+3,nM
CC(C)C(=O)N1C[C@H](NC(=O)[C@H]2NCC[C@H]2O)C[C@@H]1C(=O)NCc1ccc(C#Cc2ccc(CN3CCOCC3)cc2)cc1,IC50,6.25E+3,nM
NCCC(=O)N1C[C@H](NC(=O)[C@@H]2C[C@H](F)CN2)C[C@@H]1C(=O)NCc1ccc(C#CC#CC2CC2)cc1,IC50,6.25E+3,nM
CC(C)C(=O)N1C[C@H](NC(=O)[C@@H]2CCCN2)C[C@@H]1C(=O)NCc1ccc(C#Cc2ccccc2)cc1,IC50,6.25E+3,nM
CNCCC(=O)N1C[C@H](NC(=O)[C@@H]2C[C@H](F)CN2)C[C@@H]1C(=O)NCc1ccc(C#CC#CC2CC2)cc1,IC50,6.25E+3,nM
O=C(N[C@@H]1C[C@H](C(=O)NCc2ccc(C#CC#CC3CC3)cc2)N(C(=O)C2CCNCC2)C1)[C@@H]1C[C@H](F)CN1,IC50,6.25E+3,nM
NCCCC(=O)N1C[C@H](NC(=O)[C@@H]2C[C@H](F)CN2)C[C@@H]1C(=O)NCc1ccc(C#CC#CC2CC2)cc1,IC50,6.25E+3,nM
CC(O)c1nccn1CCc1ccc(cc1)-c1ccccc1,IC50,6.48E+3,nM
ONC(=O)[C@H]1COC(=N1)c1ccc(cc1)[N+]([O-])=O,KD,7.25E+3,nM
CCCCc1ccc(cc1)C1=NC(CO1)C(=O)NO,IC50,7.30E+3,nM
COC(Cn1nnc2cc(ccc12)C#Cc1ccc(CN2CCOCC2)cc1)N(O)C=O,IC50,7.30E+3,nM
c1cc(ccc1Oc2ccc(cc2)Cl)SCC3(CCOCC3)C(=O)NO,IC50,7.40E+3,nM
CC(C)N1CCN(Cc2ccc(cc2)C#Cc2ccc(OCC3(CCOCC3)C(=O)NO)cc2)CC1,IC50,7.50E+3,nM
OCC(NC(=O)c1ccc(OCC=C)c(OC(F)(F)F)c1)C(=O)NO,IC50,7.50E+3,nM
ONC(=O)C1COC(=N1)c1ccc(cc1)C(F)(F)F,IC50,7.80E+3,nM
COC1CCC(COc2ccc(cc2)C#Cc2ccc(CN3CCOCC3)cc2)(CC1)C(=O)NO,IC50,8.60E+3,nM
ONC(=O)C1(COc2ccc(cc2)-c2ccccc2)CCOCC1,IC50,8.70E+3,nM
CS(=O)(=O)CC[C@H](C(=O)Nc1cccc(c1)OC(F)(F)F)N,IC50,8.97E+3,nM
COc1c(F)cc(cc1Br)C1=NC(CO1)C(=O)NO,IC50,9.00E+3,nM
ONC(=O)[C@H]1COC(=N1)c1ccco1,IC50,9.00E+3,nM
c1cc(cc(c1)OC(F)(F)F)NC(=O)[C@@H](CO)N,IC50,9.08E+3,nM
ONC(=O)C1COC(=N1)c1ccc(OCc2ccccc2C(F)(F)F)c(F)c1,IC50,9.60E+3,nM
CC(C)C(=O)N1C[C@H](NC(=O)[C@@H]2C[C@@H](F)CN2)C[C@@H]1C(=O)NCc1ccc(C#Cc2ccccc2)cc1,IC50,1.00E+4,nM
ONC(=O)C1COC(=N1)c1ccccc1OC(F)(F)F,IC50,1.00E+4,nM
CCCCn1nc(C2=N[C@H](CO2)C(=O)NO)c2ccccc12,IC50,1.00E+4,nM
COc1ccc(CNCc2ccc(cc2)C#Cc2ccc(OCC3(CCOCC3)C(=O)NO)cc2)cc1,IC50,1.00E+4,nM
CC(C)C(=O)N1C[C@H](NC(=O)[C@H]2NCC[C@H]2O)C[C@@H]1C(=O)NCc1ccc(C#CC#CC2CC2)cc1,IC50,1.00E+4,nM
ONC(=O)C1COC(=N1)c1ccc(nc1)C(F)(F)F,IC50,1.00E+4,nM
COCCN(C(=O)[C@@H]1C[C@H](F)CN1)[C@@H]1C[C@H](C(=O)NCc2ccc(C#Cc3ccc(CN4CCOCC4)cc3)cc2)N(C(=O)C2CC2)C1,IC50,1.00E+4,nM
Cc1cnc(nc1)-c1ccc(cc1)C(=O)N[C@H](C(=O)NO)C(C)(C)NS(C)(=O)=O,IC50,1.00E+4,nM
CCC(Cc1n[nH]c2cc(ccc12)C#Cc1ccc(CN2CCOCC2)cc1)N(O)C=O,IC50,1.00E+4,nM
Cc1ncc(cn1)-c1ccc(cc1)C(=O)N[C@H](C(=O)NO)C(C)(C)NS(C)(=O)=O,IC50,1.00E+4,nM
CS(=O)(=O)CC[C@H](C(=O)Nc1cccc(c1)OC(F)(F)F)N,IC50,1.00E+4,nM
Cc1ccc(cc1)-c1ccc(nc1)C(=O)N[C@H](C(=O)NO)C(C)(C)NS(C)(=O)=O,IC50,1.00E+4,nM
CC(C)C(=O)N1C[C@H](NC(=O)[C@@H]2C[C@H](F)CN2)C[C@@H]1C(=O)NCc1ccc(C#CC2CC2)cc1,IC50,1.00E+4,nM
CC(C)(NS(C)(=O)=O)[C@H](NC(=O)c1ccc(cc1)-c1cc2cncnc2o1)C(=O)NO,IC50,1.00E+4,nM
CCCCn1nc(C2=NC(CO2)C(=O)NO)c2ccccc12,IC50,1.00E+4,nM
CC(C)(NS(C)(=O)=O)[C@H](NC(=O)c1ccc(cc1)-c1cc2ccccn2n1)C(=O)NO,IC50,1.00E+4,nM
CC(O)c1nccn1CCCc1ccc(Cl)cc1,IC50,1.04E+4,nM
CC(O)c1nccn1CCc1ccc(cc1)-c1ccccc1,IC50,1.04E+4,nM
ONC(=O)COCc1ccc(cc1)C#Cc1ccc(CN2CCOCC2)cc1,IC50,1.05E+4,nM
ONC(=O)[C@H]1COC(=N1)c1ccc(F)cc1,KD,1.11E+4,nM
c1cc(cc(c1)OC(F)(F)F)NC(=O)[C@@H](CC(=O)O)N,IC50,1.13E+4,nM
CCCCn1nc2ccccc2c1C1=N[C@H](CO1)C(=O)NO,IC50,1.20E+4,nM
COc1ccc(cc1)C1=NOC(C1)C(=O)CSC(C)=O,IC50,1.20E+4,nM
CCCCn1nc2ccccc2c1C1=NC(CO1)C(=O)NO,IC50,1.20E+4,nM
c1cc(cc(c1)OC(F)(F)F)NC(=O)[C@@H](CO)N,IC50,1.28E+4,nM
COc1ccc(cc1)C1=NOC(C1)C(=O)NO,IC50,1.30E+4,nM
OC[C@H](NC(=O)c1n[nH]c2ccccc12)C(=O)NO,IC50,1.30E+4,nM
OCC(NC(=O)c1n[nH]c2ccccc12)C(=O)NO,IC50,1.30E+4,nM
CC(Cn1nnc2cc(ccc12)C#Cc1ccc(CN2CCOCC2)cc1)N(O)C=O,IC50,1.40E+4,nM
ONC(=O)C1(COc2ccc(OCc3ccccc3)cc2)CCOCC1,IC50,1.40E+4,nM
CCCc1ccc(cc1)-c1ccc(cc1)C1=N[C@H](CO1)C(=O)NO,KD,1.56E+4,nM
CCCc1cc(cc(OC(F)(F)F)c1OC)C1=N[C@@H](CS1)C(=O)NO,IC50,1.78E+4,nM
CCCc1cc(cc(OC(F)(F)F)c1OC)C1=NC(CS1)C(=O)NO,IC50,1.78E+4,nM
CC(=O)c1ccc(cc1)C1=NC(CO1)C(=O)NO,IC50,1.80E+4,nM
Cc1ccc(cc1)C1=NC(CO1)C(=O)NO,IC50,2.00E+4,nM
CS[C@H](Cn1nnc2cc(ccc12)C#Cc1ccc(CN2CCOCC2)cc1)N(O)C=O,IC50,2.10E+4,nM
ONC(=O)C1CCOC(=N1)c1ccc(F)c(c1)C(F)(F)F,IC50,2.12E+4,nM
ONC(=O)c1csc(n1)-c1ccc(OC(F)(F)F)c(Cl)c1,KD,2.15E+4,nM
ONC(=O)C1CSC(=N1)c1ccc(OC(F)(F)F)cc1,IC50,2.17E+4,nM
COc1ccc(cc1)C1=NOC(CS)C1,IC50,2.20E+4,nM
N[C@H](CO)C(=O)N1CCC(Cc2ccccc2)CC1,IC50,2.49E+4,nM
ONC(=O)[C@H]1COC(=N1)c1cc(F)cc(c1)C(F)(F)F,IC50,2.50E+4,nM
CC[C@@H]([C@@H](CC(C)O)c1n[nH]c2cc(ccc12)C#Cc1ccc(CN2CCOCC2)cc1)N(O)C=O,IC50,2.50E+4,nM
ONC(=O)C1COC(=N1)c1cc(F)cc(c1)C(F)(F)F,IC50,2.50E+4,nM
OC1C(CO\N=C\c2ccc(O)c(O)c2O)OC(C1O)n1ccc(=O)[nH]c1=O,IC50,2.70E+4,nM
COc1ccc(cc1)C1=NOC(C1)C(=O)CS,IC50,2.70E+4,nM
O[C@@H]1[C@@H](CO\N=C\c2ccc(O)c(O)c2O)O[C@H]([C@@H]1O)n1ccc(=O)[nH]c1=O,IC50,2.70E+4,nM
OC[C@H](OCC(=O)NO)c1ccc(cc1)C#Cc1ccc(CN2CCOCC2)cc1,KI,2.73E+4,nM
CN(C)c1ccc(cc1)-c1nc(cs1)C(=O)NO,KD,2.82E+4,nM
ONC(=O)C1=C[SiH2]C(=N1)c1ccc(F)cc1,KD,2.85E+4,nM
ONC(=O)C1COC(=N1)c1ccccc1Cl,IC50,3.00E+4,nM
ONC(=O)C1COC(=N1)c1ccc(O)cc1,IC50,3.00E+4,nM
OC1C(CO\N=C\c2ccc(O)c(O)c2)OC(C1O)n1ccc(=O)[nH]c1=O,IC50,3.00E+4,nM
ONC(=O)C1COC(=N1)c1ccc(OC(F)(F)F)c(Cl)c1,IC50,3.00E+4,nM
CCCCCCCOc1ccc(cc1)C1=NC(CO1)C(=O)NO,IC50,3.00E+4,nM
CC(=O)Nc1ccc(cc1)C1=NC(CO1)C(=O)NO,IC50,3.00E+4,nM
Cc1c(cnn1-c1ccccc1)C1=NC(CO1)C(=O)NO,IC50,3.00E+4,nM
ONC(=O)[C@@H]1COC(=N1)c1ccc(O)cc1,IC50,3.00E+4,nM
ONC(=O)C1COC(=N1)c1cnn(c1C(F)(F)F)-c1ccccc1,IC50,3.00E+4,nM
ONC(=O)C1CCOC(=N1)c1cc2cc(F)ccc2[nH]1,IC50,3.12E+4,nM
OC[C@H](OCC(=O)NO)c1ccc(cc1)C#Cc1ccccc1,IC50,3.16E+4,nM
ONC(=O)C1(COc2ccc(cc2)C#CC#Cc2ccccc2)CCOCC1,IC50,3.30E+4,nM
C[C@@H](O)[C@@H](N1Cc2ccc(cc2C1=O)C#Cc1ccccc1)C(=O)NO,IC50,3.40E+4,nM
NC[C@@H](N)C(=O)Nc1cccc(OC(F)(F)F)c1,IC50,3.67E+4,nM
OCc1nccn1CCCc1ccc(Cl)cc1,IC50,3.67E+4,nM
CS(=O)(=O)NC[C@@H](N)C(=O)Nc1cccc(OC(F)(F)F)c1,IC50,3.79E+4,nM
Cc1ccc(cc1)C1=NC(CS1)C(=O)NO,IC50,3.85E+4,nM
Cc1ccc(cc1)C1=N[C@@H](CS1)C(=O)NO,IC50,3.85E+4,nM
CC(O)c1nccn1Cc1ccc(Cl)cc1,IC50,3.99E+4,nM
NC[C@@H](N)C(=O)Nc1cccc(OC(F)(F)F)c1,IC50,4.01E+4,nM
C[C@@H](O)[C@@H](N1Cc2cc(ccc2C1=O)-c1ccccc1)C(=O)NO,IC50,4.10E+4,nM
CCOC(Cn1nnc2cc(ccc12)C#Cc1ccc(CN2CCOCC2)cc1)N(O)C=O,IC50,4.10E+4,nM
c1cc(cc(c1)OC(F)(F)F)NC(=O)CN,IC50,4.19E+4,nM
Clc1ccc(CCCCn2ccnc2)cc1,IC50,4.32E+4,nM
CS(=O)(=O)NC[C@@H](N)C(=O)Nc1cccc(OC(F)(F)F)c1,IC50,4.38E+4,nM
CCOc1cc(ccc1F)C(=O)NC(CO)C(=O)NO,IC50,4.60E+4,nM
Cc1ccc(cc1)C1=NC(CCO1)C(=O)NO,IC50,5.00E+4,nM
OCC(NC(=O)c1ccc(F)cc1)C(=O)NO,IC50,5.00E+4,nM
CCCc1cc(cc(OC(F)(F)F)c1OC)C(=O)NC(CO)C(=O)NO,IC50,5.00E+4,nM
CCCc1cc(cc(OC(C)(C)C)c1OC)C(=O)N[C@@H](CO)C(=O)NO,IC50,5.00E+4,nM
Cc1ccc(cc1)C(=O)NC(CO)C(=O)NO,IC50,5.00E+4,nM
c1cc(cc(c1)OC(F)(F)F)NC(=O)CN,IC50,5.49E+4,nM
ONC(=O)C1CSC(=N1)c1ccc(OCCC=C)cc1,IC50,5.87E+4,nM
Cc1c(cnn1-c1ccccc1)C1=NC(CS1)C(=O)NO,IC50,6.00E+4,nM
Clc1ccc(CCCCn2ccnc2)cc1,IC50,6.04E+4,nM
OCC(Cn1nnc2cc(ccc12)C#Cc1ccc(CN2CCOCC2)cc1)N(O)C=O,IC50,6.10E+4,nM
C[C@@H](O)[C@@H](N1Cc2cc(Br)ccc2C1=O)C(=O)NO,IC50,6.10E+4,nM
ONC(=O)C1CSC(=N1)c1ccc(F)cc1,IC50,6.25E+4,nM
ONC(=O)CNC(=O)c1ccc(cc1)C#Cc1ccc(CN2CCOCC2)cc1,IC50,6.30E+4,nM
CC1(CNC(=O)c2ccc(cc2)C#CC#Cc2ccccc2)NC(=O)NC1=O,KD,6.39E+4,nM
CC(O)c1nccn1CCc1ccc(Cl)cc1,IC50,6.78E+4,nM
ONC(=O)C1(COc2ccc(cc2)C#Cc2ccc(CN3CCOCC3)cc2)CCC(O)CC1,IC50,8.25E+4,nM
ONC(=O)C1(COc2ccc(Oc3ccccc3)cc2)CCOCC1,IC50,9.20E+4,nM
CC1(CNC(=O)c2ccc(cc2)C#Cc2ccccc2)NC(=O)NC1=O,KD,9.34E+4,nM
C[C@@H](O)[C@H](NC(=O)c1ccc(cc1)-c1ccccc1)C(=O)NCC1(C)NC(=O)NC1=O,KD,>1.00E+5,nM
C[C@@H](O)[C@H](NC(=O)c1ccc(cc1)C#Cc1ccccc1)C(=O)NCC1(C)NC(=O)NC1=O,KD,>1.00E+5,nM
CC1(CNC(=O)c2ccc(cc2)-c2ccc(Br)cc2)NC(=O)NC1=O,KD,>1.00E+5,nM
CC1(CNC(=O)[C@H](CN)NC(=O)c2ccc(cc2)-c2ccccc2)NC(=O)NC1=O,KD,>1.00E+5,nM
ONC(=O)C1COC(=N1)c1ccncc1,IC50,1.00E+5,nM
CC1(CNC(=O)[C@H](CN)NC(=O)c2ccc(cc2)C#CC#Cc2ccccc2)NC(=O)NC1=O,KD,>1.00E+5,nM
ONC(=O)C1COC(=N1)c1cccnc1,IC50,1.00E+5,nM
C[C@@H](O)[C@H](NC(=O)c1ccc(cc1)C#CC#Cc1ccccc1)C(=O)NCC1(C)NC(=O)NC1=O,KD,>1.00E+5,nM
C[C@@H](O)[C@H](NC(=O)c1ccc(cc1)-c1ccc(Br)cc1)C(=O)NCC1(C)NC(=O)NC1=O,KD,>1.00E+5,nM
CN(C)c1ccc(cc1)C1=N[C@H](CO1)C(=O)NO,KD,>1.00E+5,nM
ONC(=O)[C@H]1COC(=N1)c1ccc(OCc2cccc(F)c2)c(OC(F)(F)F)c1,KD,>1.00E+5,nM
CC1(CNC(=O)[C@H](CN)NC(=O)c2ccc(cc2)C#Cc2ccccc2)NC(=O)NC1=O,KD,>1.00E+5,nM
CC1(CNC(=O)[C@H](CN)NC(=O)c2ccc(cc2)-c2ccc(Br)cc2)NC(=O)NC1=O,KD,>1.00E+5,nM
CC1(CNC(=O)c2ccc(cc2)-c2ccccc2)NC(=O)NC1=O,KD,>1.00E+5,nM
CS(=O)(=O)C[C@@H](N)C(=O)Nc1cccc(OC(F)(F)F)c1,IC50,1.00E+5,nM
CS(=O)(=O)C[C@@H](N)C(=O)Nc1cccc(OC(F)(F)F)c1,IC50,1.00E+5,nM
OCc1nccn1CCCc1ccc(Cl)cc1,IC50,1.08E+5,nM
c1cc(ccc1CCCn2ccnc2)Cl,IC50,1.11E+5,nM
c1cc(ccc1OCCCn2ccnc2)Cl,IC50,1.18E+5,nM
OC1C(CNC(=O)CO\N=C\c2ccc(O)c(O)c2O)OC(C1O)n1ccc(=O)[nH]c1=O,IC50,1.20E+5,nM
O[C@@H]1[C@@H](CNC(=O)CO\N=C\c2ccc(O)c(O)c2O)O[C@H]([C@@H]1O)n1ccc(=O)[nH]c1=O,IC50,1.20E+5,nM
c1cc(ccc1CCCn2ccnc2)Cl,IC50,1.25E+5,nM
N[C@@H](CO)C(=O)Nc1cccc(OC(F)(F)F)c1,IC50,1.32E+5,nM
CC(C)(O)C#CC#Cc1ccc(OCC2(CCOCC2)C(=O)NO)cc1,IC50,1.39E+5,nM
c1cc(ccc1OCCCn2ccnc2)Cl,IC50,1.44E+5,nM
COc1ccc(cc1)-c1cc(on1)P(C)(O)O,IC50,1.70E+5,nM
OC[C@H](OCC(=O)NO)c1ccc(cc1)C#Cc1ccc(CN2CCOCC2)cc1,IC50,1.98E+5,nM
C[Si](C)(C)C#Cc1ccc(cc1)[C@H](CO)OCC(=O)NO,IC50,2.00E+5,nM
ONC(=O)[C@H]1O[C@H]([C@@H](O)[C@H]1O)c1ccc(cc1)C#Cc1ccc(CN2CCOCC2)cc1,IC50,2.00E+5,nM
OC[C@@H](OCC(=O)NO)c1ccc(cc1)C#C,IC50,2.00E+5,nM
ONC(=O)COCc1ccc(cc1)C#Cc1ccccc1,IC50,2.00E+5,nM
OC[C@@H](OCC(=O)NO)c1ccccc1,IC50,2.00E+5,nM
ONC(=O)C1COC(=N1)c1c(Cl)cccc1Cl,IC50,2.00E+5,nM
C[Si](C)(C)C#Cc1ccc(cc1)[C@@H](CO)OCC(=O)NO,IC50,2.00E+5,nM
OC[C@@H](OCC(=O)NO)c1ccc(Br)cc1,IC50,2.00E+5,nM
OC[C@H](OCC(=O)NO)c1ccc(Br)cc1,IC50,2.00E+5,nM
OC[C@H](OCC(=O)NO)c1ccc(cc1)C#C,IC50,2.00E+5,nM
OC[C@H](OCC(=O)NO)c1ccccc1,IC50,2.00E+5,nM
CC(O)c1nccn1Cc1ccc(Cl)cc1,IC50,2.14E+5,nM
N[C@@H](CO)C(=O)Nc1cccc(OC(F)(F)F)c1,IC50,2.41E+5,nM
OC(COc1ccc(Cl)cc1)Cn1ccnc1,IC50,2.59E+5,nM
CC(O)c1nccn1CCc1ccc(Cl)cc1,IC50,2.61E+5,nM
COc1ccc(cc1)C1=NOC(C1)C(=O)Nc1ccccn1,IC50,3.36E+5,nM
ONC(=O)[C@@H]1COC(=N1)c1ccccc1,IC50,3.60E+5,nM
COc1ccc(cc1)C1=NOC(C1)C(=O)Nc1nccs1,IC50,3.92E+5,nM
COc1ccc(cc1)C1=NOC(C1)S(C)(=O)=O,IC50,3.92E+5,nM
COc1ccc(cc1)C1=NO[C@H](C1)[C@@H](O)CS,IC50,4.00E+5,nM
COc1ccc(cc1)C1=NOC(C1)C(=O)NNC=O,IC50,4.00E+5,nM
COC(=O)C1COC(=N1)c1ccccc1,IC50,4.00E+5,nM
COc1ccc(cc1)C1=NOC(C1)C(=O)NCO,IC50,4.00E+5,nM
OC(=O)C1COC(=N1)c1ccccc1,IC50,4.00E+5,nM
CN(O)C(=O)[C@H]1COC(=N1)c1ccccc1,IC50,4.00E+5,nM
CN(OCc1ccccc1)C(=O)[C@H]1COC(=N1)c1ccccc1,IC50,4.00E+5,nM
COc1ccc(cc1)C1=NO[C@H](C1)[C@H](O)CS,IC50,4.00E+5,nM
COc1ccc(cc1)C1=NOC(C1)C(=O)NN,IC50,4.25E+5,nM
COc1ccc(cc1)C1=NOC(C1)C(O)=O,IC50,4.50E+5,nM
OC(COc1ccc(Cl)cc1)Cn1ccnc1,IC50,4.66E+5,nM
OC1C(CO\N=C\c2cccc(O)c2O)OC(C1O)n1ccc(=O)[nH]c1=O,IC50,5.00E+5,nM
OC1C(CO\N=C\c2cc(O)c(O)c(O)c2)OC(C1O)n1ccc(=O)[nH]c1=O,IC50,5.00E+5,nM
OC(COc1ccccc1)Cn1ccnc1,IC50,1.13E+6,nM
COc1ccc(cc1)C1=NOC(C1)S(N)(=O)=O,IC50,1.20E+6,nM
OC(COc1ccccc1)Cn1ccnc1,IC50,2.00E+6,nM
Clc1ccc(CCn2ccnc2)cc1,IC50,2.78E+6,nM
